Step,Mode,PendulumAngle,PendulumVelocity,MotorPosition,MotorVelocity,dt,Voltage
1,Swingup,4319.82,0.00,-3.92,0.00,0.029225,0.00
2,Swingup,4319.82,0.00,-3.92,0.00,0.003518,0.00
3,Swingup,4319.82,0.00,-3.92,0.00,0.003675,0.00
4,Swingup,4319.82,0.00,-3.92,0.00,0.003401,0.00
5,Swingup,4319.82,0.00,-3.92,0.00,0.003573,0.00
6,Swingup,4319.82,0.00,-3.92,0.00,0.003403,0.00
7,Swingup,4319.82,0.00,-3.92,0.00,0.003355,0.00
8,Swingup,4319.82,0.00,-3.92,0.00,0.003607,0.00
9,Swingup,4319.82,0.00,-3.92,0.00,0.003710,0.00
10,Swingup,4319.82,0.00,-3.92,0.00,0.003549,0.00
11,Swingup,4319.82,0.00,-3.92,0.00,0.003433,0.00
12,Swingup,4319.82,0.00,-3.92,0.00,0.003600,0.00
13,Swingup,4319.82,0.00,-3.92,0.00,0.003189,0.00
14,Swingup,4319.82,0.00,-3.92,0.00,0.003752,0.00
15,Swingup,4319.82,0.00,-3.92,0.00,0.003489,0.00
16,Swingup,4319.82,0.00,-3.92,0.00,0.003595,0.00
17,Swingup,4319.82,0.00,-3.92,0.00,0.003422,0.00
18,Swingup,4319.82,0.00,-3.92,0.00,0.003970,0.00
19,Swingup,4319.82,0.00,-3.92,0.00,0.003354,0.00
20,Swingup,4319.82,0.00,-3.92,0.00,0.003300,0.00
21,Swingup,4319.82,0.00,-3.92,0.00,0.016979,0.00
22,Swingup,4319.82,0.00,-3.92,0.00,0.003153,0.00
23,Swingup,4319.82,0.00,-3.92,0.00,0.003522,0.00
24,Swingup,4319.82,0.00,-3.92,0.00,0.004110,0.00
25,Swingup,4319.82,0.00,-3.92,0.00,0.003517,0.00
26,Swingup,4319.82,0.00,-3.92,0.00,0.003660,0.00
27,Swingup,4319.82,0.00,-3.92,0.00,0.003938,0.00
28,Swingup,4319.82,0.00,-3.92,0.00,0.003170,0.00
29,Swingup,4319.82,0.00,-3.92,0.00,0.003937,0.00
30,Swingup,4319.82,0.00,-3.92,0.00,0.003288,0.00
31,Swingup,4319.82,0.00,-3.92,0.00,0.003299,0.00
32,Swingup,4319.82,0.00,-3.92,0.00,0.003346,0.00
33,Swingup,4319.82,0.00,-3.92,0.00,0.004010,0.00
34,Swingup,4319.82,0.00,-3.92,0.00,0.003330,0.00
35,Swingup,4319.82,0.00,-3.92,0.00,0.003612,0.00
36,Swingup,4319.82,0.00,-3.92,0.00,0.003206,0.00
37,Swingup,4319.82,0.00,-3.92,0.00,0.003602,0.00
38,Swingup,4319.82,0.00,-3.92,0.00,0.003221,0.00
39,Swingup,4319.82,0.00,-3.92,0.00,0.003628,0.00
40,Swingup,4319.82,0.00,-3.92,0.00,0.003878,0.00
41,Swingup,4319.82,0.00,-3.92,0.00,0.007079,0.00
42,Swingup,4319.82,0.00,-3.92,0.00,0.003613,0.00
43,Swingup,4319.82,0.00,-3.92,0.00,0.003509,0.00
44,Swingup,4319.82,0.00,-3.92,0.00,0.003501,0.00
45,Swingup,4319.82,0.00,-3.92,0.00,0.003386,0.00
46,Swingup,4319.82,0.00,-3.92,0.00,0.003779,0.00
47,Swingup,4319.82,0.00,-3.92,0.00,0.003651,0.00
48,Swingup,4319.82,0.00,-3.92,0.00,0.003394,0.00
49,Swingup,4319.82,0.00,-3.92,0.00,0.003715,0.00
50,Swingup,4319.82,0.00,-3.92,0.00,0.003588,0.00
51,Swingup,4319.82,0.00,-3.92,0.00,0.003647,0.00
52,Swingup,4319.82,0.00,-3.92,0.00,0.003307,0.00
53,Swingup,4319.82,0.00,-3.92,0.00,0.003242,0.00
54,Swingup,4319.82,0.00,-3.92,0.00,0.003821,0.00
55,Swingup,4319.82,0.00,-3.92,0.00,0.003369,0.00
56,Swingup,4319.82,0.00,-3.92,0.00,0.003380,0.00
57,Swingup,4319.82,0.00,-3.92,0.00,0.003741,0.00
58,Swingup,4319.82,0.00,-3.92,0.00,0.003628,0.00
59,Swingup,4319.82,0.00,-3.92,0.00,0.003606,0.00
60,Swingup,4319.82,0.00,-3.92,0.00,0.003642,0.00
61,Swingup,4319.82,0.00,-3.92,0.00,0.005249,0.00
62,Swingup,4319.82,0.00,-3.92,0.00,0.003484,0.00
63,Swingup,4319.82,0.00,-3.92,0.00,0.003477,0.00
64,Swingup,4319.82,0.00,-3.92,0.00,0.003103,0.00
65,Swingup,4319.82,0.00,-3.92,0.00,0.003695,0.00
66,Swingup,4319.82,0.00,-3.92,0.00,0.003427,0.00
67,Swingup,4319.82,0.00,-3.92,0.00,0.003262,0.00
68,Swingup,4319.82,0.00,-3.92,0.00,0.003945,0.00
69,Swingup,4319.82,0.00,-3.92,0.00,0.003373,0.00
70,Swingup,4319.82,0.00,-3.92,0.00,0.003203,0.00
71,Swingup,4319.82,0.00,-3.92,0.00,0.003518,0.00
72,Swingup,4319.82,0.00,-3.92,0.00,0.003633,0.00
73,Swingup,4319.82,0.00,-3.92,0.00,0.003540,0.00
74,Swingup,4319.82,0.00,-3.92,0.00,0.003833,0.00
75,Swingup,4319.82,0.00,-3.92,0.00,0.003902,0.00
76,Swingup,4319.82,0.00,-3.92,0.00,0.003035,0.00
77,Swingup,4319.82,0.00,-3.92,0.00,0.003645,0.00
78,Swingup,4319.82,0.00,-3.92,0.00,0.003520,0.00
79,Swingup,4319.82,0.00,-3.92,0.00,0.003612,0.00
80,Swingup,4319.82,0.00,-3.92,0.00,0.003297,0.00
81,Swingup,4319.82,0.00,-3.92,0.00,0.004937,0.00
82,Swingup,4319.82,0.00,-3.92,0.00,0.003755,0.00
83,Swingup,4319.82,0.00,-3.92,0.00,0.003756,0.00
84,Swingup,4319.82,0.00,-3.92,0.00,0.003217,0.00
85,Swingup,4319.82,0.00,-3.92,0.00,0.003969,0.00
86,Swingup,4319.82,0.00,-3.92,0.00,0.003749,0.00
87,Swingup,4319.82,0.00,-3.92,0.00,0.003344,0.00
88,Swingup,4319.82,0.00,-3.92,0.00,0.003675,0.00
89,Swingup,4319.82,0.00,-3.92,0.00,0.003521,0.00
90,Swingup,4319.82,0.00,-3.92,0.00,0.003463,0.00
91,Swingup,4319.82,0.00,-3.92,0.00,0.003497,0.00
92,Swingup,4319.82,0.00,-3.92,0.00,0.003892,0.00
93,Swingup,4319.82,0.00,-3.92,0.00,0.003479,0.00
94,Swingup,4319.82,0.00,-3.92,0.00,0.003292,0.00
95,Swingup,4319.82,0.00,-3.92,0.00,0.003286,0.00
96,Swingup,4319.82,0.00,-3.92,0.00,0.003634,0.00
97,Swingup,4319.82,0.00,-3.92,0.00,0.003839,0.00
98,Swingup,4319.82,0.00,-3.92,0.00,0.003780,0.00
99,Swingup,4319.82,0.00,-3.92,0.00,0.003366,0.00
100,Swingup,4319.82,0.00,-3.92,0.00,0.003228,0.00
101,Swingup,4319.82,0.00,-3.92,0.00,0.008867,0.00
102,Swingup,4319.82,0.00,-3.92,0.00,0.003278,0.00
103,Swingup,4319.82,0.00,-3.92,0.00,0.003566,0.00
104,Swingup,4319.82,0.00,-3.92,0.00,0.003836,0.00
105,Swingup,4319.82,0.00,-3.92,0.00,0.003920,0.00
106,Swingup,4319.82,0.00,-3.92,0.00,0.003130,0.00
107,Swingup,4319.82,0.00,-3.92,0.00,0.003566,0.00
108,Swingup,4319.82,0.00,-3.92,0.00,0.003420,0.00
109,Swingup,4319.82,0.00,-3.92,0.00,0.003466,0.00
110,Swingup,4319.82,0.00,-3.92,0.00,0.003487,0.00
111,Swingup,4319.82,0.00,-3.92,0.00,0.003342,0.00
112,Swingup,4319.82,0.00,-3.92,0.00,0.003359,0.00
113,Swingup,4319.82,0.00,-3.92,0.00,0.003814,0.00
114,Swingup,4319.82,0.00,-3.92,0.00,0.003639,0.00
115,Swingup,4319.82,0.00,-3.92,0.00,0.003393,0.00
116,Swingup,4319.82,0.00,-3.92,0.00,0.003763,0.00
117,Swingup,4319.82,0.00,-3.92,0.00,0.003694,0.00
118,Swingup,4319.82,0.00,-3.92,0.00,0.003465,0.00
119,Swingup,4319.82,0.00,-3.92,0.00,0.003756,0.00
120,Swingup,4319.82,0.00,-3.92,0.00,0.003594,0.00
121,Swingup,4319.82,0.00,-3.92,0.00,0.003543,0.00
122,Swingup,4319.82,0.00,-3.92,0.00,0.003588,0.00
123,Swingup,4319.82,0.00,-3.92,0.00,0.003710,0.00
124,Swingup,4319.82,0.00,-3.92,0.00,0.003734,0.00
125,Swingup,4319.82,0.00,-3.92,0.00,0.003236,0.00
126,Swingup,4319.82,0.00,-3.92,0.00,0.004121,0.00
127,Swingup,4319.82,0.00,-3.92,0.00,0.002998,0.00
128,Swingup,4319.82,0.00,-3.92,0.00,0.003785,0.00
129,Swingup,4319.82,0.00,-3.92,0.00,0.003208,0.00
130,Swingup,4319.82,0.00,-3.92,0.00,0.003746,0.00
131,Swingup,4319.82,0.00,-3.92,0.00,0.003529,0.00
132,Swingup,4319.82,0.00,-3.92,0.00,0.003785,0.00
133,Swingup,4319.82,0.00,-3.92,0.00,0.003763,0.00
134,Swingup,4319.82,0.00,-3.92,0.00,0.003528,0.00
135,Swingup,4319.82,0.00,-3.92,0.00,0.003447,0.00
136,Swingup,4319.82,0.00,-3.92,0.00,0.003790,0.00
137,Swingup,4319.82,0.00,-3.92,0.00,0.003194,0.00
138,Swingup,4319.82,0.00,-3.92,0.00,0.004016,0.00
139,Swingup,4319.82,0.00,-3.92,0.00,0.003102,0.00
140,Swingup,4319.82,0.00,-3.92,0.00,0.003221,0.00
141,Swingup,4319.82,0.00,-3.92,0.00,0.003332,0.00
142,Swingup,4319.82,0.00,-3.92,0.00,0.003728,0.00
143,Swingup,4319.82,0.00,-3.92,0.00,0.003281,0.00
144,Swingup,4319.82,0.00,-3.92,0.00,0.004047,0.00
145,Swingup,4319.82,0.00,-3.92,0.00,0.003105,0.00
146,Swingup,4319.82,0.00,-3.92,0.00,0.003441,0.00
147,Swingup,4319.82,0.00,-3.92,0.00,0.003591,0.00
148,Swingup,4319.82,0.00,-3.92,0.00,0.003418,0.00
149,Swingup,4319.82,0.00,-3.92,0.00,0.003518,0.00
150,Swingup,4319.82,0.00,-3.92,0.00,0.003553,0.00
151,Swingup,4319.82,0.00,-3.92,0.00,0.003560,0.00
152,Swingup,4319.82,0.00,-3.92,0.00,0.003369,0.00
153,Swingup,4319.82,0.00,-3.92,0.00,0.003835,0.00
154,Swingup,4319.82,0.00,-3.92,0.00,0.003255,0.00
155,Swingup,4319.82,0.00,-3.92,0.00,0.003741,0.00
156,Swingup,4319.82,0.00,-3.92,0.00,0.003486,0.00
157,Swingup,4319.82,0.00,-3.92,0.00,0.003668,0.00
158,Swingup,4319.82,0.00,-3.92,0.00,0.003464,0.00
159,Swingup,4319.82,0.00,-3.92,0.00,0.003518,0.00
160,Swingup,4319.82,0.00,-3.92,0.00,0.003673,0.00
161,Swingup,4319.82,0.00,-3.92,0.00,0.003282,0.00
162,Swingup,4319.82,0.00,-3.92,0.00,0.003262,0.00
163,Swingup,4319.82,0.00,-3.92,0.00,0.003636,0.00
164,Swingup,4319.82,0.00,-3.92,0.00,0.003465,0.00
165,Swingup,4319.82,0.00,-3.92,0.00,0.003727,0.00
166,Swingup,4319.82,0.00,-3.92,0.00,0.003501,0.00
167,Swingup,4319.82,0.00,-3.92,0.00,0.003937,0.00
168,Swingup,4319.82,0.00,-3.92,0.00,0.003523,0.00
169,Swingup,4319.82,0.00,-3.92,0.00,0.003462,0.00
170,Swingup,4319.82,0.00,-3.92,0.00,0.003426,0.00
171,Swingup,4319.82,0.00,-3.92,0.00,0.003816,0.00
172,Swingup,4319.82,0.00,-3.92,0.00,0.003364,0.00
173,Swingup,4319.82,0.00,-3.92,0.00,0.003625,0.00
174,Swingup,4319.82,0.00,-3.92,0.00,0.003494,0.00
175,Swingup,4319.82,0.00,-3.92,0.00,0.003313,0.00
176,Swingup,4319.82,0.00,-3.92,0.00,0.003181,0.00
177,Swingup,4319.82,0.00,-3.92,0.00,0.003684,0.00
178,Swingup,4319.82,0.00,-3.92,0.00,0.003722,0.00
179,Swingup,4319.82,0.00,-3.92,0.00,0.003244,0.00
180,Swingup,4319.82,0.00,-3.92,0.00,0.003428,0.00
181,Swingup,4319.82,0.00,-3.92,0.00,0.003662,0.00
182,Swingup,4319.82,0.00,-3.92,0.00,0.003266,0.00
183,Swingup,4319.82,0.00,-3.92,0.00,0.003639,0.00
184,Swingup,4319.82,0.00,-3.92,0.00,0.003675,0.00
185,Swingup,4319.82,0.00,-3.92,0.00,0.003611,0.00
186,Swingup,4319.82,0.00,-3.92,0.00,0.003599,0.00
187,Swingup,4319.82,0.00,-3.92,0.00,0.003289,0.00
188,Swingup,4319.82,0.00,-3.92,0.00,0.003425,0.00
189,Swingup,4319.82,0.00,-3.92,0.00,0.003499,0.00
190,Swingup,4319.82,0.00,-3.92,0.00,0.003368,0.00
191,Swingup,4319.82,0.00,-3.92,0.00,0.003347,0.00
192,Swingup,4319.82,0.00,-3.92,0.00,0.003675,0.00
193,Swingup,4319.82,0.00,-3.92,0.00,0.003895,0.00
194,Swingup,4319.82,0.00,-3.92,0.00,0.003619,0.00
195,Swingup,4319.82,0.00,-3.92,0.00,0.003435,0.00
196,Swingup,4319.82,0.00,-3.92,0.00,0.003505,0.00
197,Swingup,4319.82,0.00,-3.92,0.00,0.003846,0.00
198,Swingup,4319.82,0.00,-3.92,0.00,0.003392,0.00
199,Swingup,4319.82,0.00,-3.92,0.00,0.003697,0.00
200,Swingup,4319.82,0.00,-3.92,0.00,0.003347,0.00
201,Swingup,4319.82,0.00,-3.92,0.00,0.003503,0.00
202,Swingup,4319.82,0.00,-3.92,0.00,0.003604,0.00
203,Swingup,4319.82,0.00,-3.92,0.00,0.003543,0.00
204,Swingup,4319.82,0.00,-3.92,0.00,0.003515,0.00
205,Swingup,4319.82,0.00,-3.92,0.00,0.003492,0.00
206,Swingup,4319.82,0.00,-3.92,0.00,0.003780,0.00
207,Swingup,4319.82,0.00,-3.92,0.00,0.003871,0.00
208,Swingup,4319.82,0.00,-3.92,0.00,0.003344,0.00
209,Swingup,4319.82,0.00,-3.92,0.00,0.003255,0.00
210,Swingup,4319.82,0.00,-3.92,0.00,0.003316,0.00
211,Swingup,4319.82,0.00,-3.92,0.00,0.004292,0.00
212,Swingup,4319.82,0.00,-3.92,0.00,0.003024,0.00
213,Swingup,4319.82,0.00,-3.92,0.00,0.003134,0.00
214,Swingup,4319.82,0.00,-3.92,0.00,0.003649,0.00
215,Swingup,4319.82,0.00,-3.92,0.00,0.003514,0.00
216,Swingup,4319.82,0.00,-3.92,0.00,0.003466,0.00
217,Swingup,4319.82,0.00,-3.92,0.00,0.003515,0.00
218,Swingup,4319.82,0.00,-3.92,0.00,0.003816,0.00
219,Swingup,4319.82,0.00,-3.92,0.00,0.003317,0.00
220,Swingup,4319.82,0.00,-3.92,0.00,0.003110,0.00
221,Swingup,4319.82,0.00,-3.92,0.00,0.003675,0.00
222,Swingup,4319.82,0.00,-3.92,0.00,0.003503,0.00
223,Swingup,4319.82,0.00,-3.92,0.00,0.003649,0.00
224,Swingup,4319.82,0.00,-3.92,0.00,0.002863,0.00
225,Swingup,4319.82,0.00,-3.92,0.00,0.003904,0.00
226,Swingup,4319.82,0.00,-3.92,0.00,0.003498,0.00
227,Swingup,4319.82,0.00,-3.92,0.00,0.003614,0.00
228,Swingup,4319.82,0.00,-3.92,0.00,0.003354,0.00
229,Swingup,4319.82,0.00,-3.92,0.00,0.003808,0.00
230,Swingup,4319.82,0.00,-3.92,0.00,0.003467,0.00
231,Swingup,4319.82,0.00,-3.92,0.00,0.003341,0.00
232,Swingup,4319.82,0.00,-3.92,0.00,0.003358,0.00
233,Swingup,4319.82,0.00,-3.92,0.00,0.003086,0.00
234,Swingup,4319.82,0.00,-3.92,0.00,0.003276,0.00
235,Swingup,4319.82,0.00,-3.92,0.00,0.003551,0.00
236,Swingup,4319.82,0.00,-3.92,0.00,0.003187,0.00
237,Swingup,4319.82,0.00,-3.92,0.00,0.003105,0.00
238,Swingup,4319.82,0.00,-3.92,0.00,0.003603,0.00
239,Swingup,4319.82,0.00,-3.92,0.00,0.003532,0.00
240,Swingup,4319.82,0.00,-3.92,0.00,0.003331,0.00
241,Swingup,4319.82,0.00,-3.92,0.00,0.004312,0.00
242,Swingup,4319.82,0.00,-3.92,0.00,0.003385,0.00
243,Swingup,4319.82,0.00,-3.92,0.00,0.003609,0.00
244,Swingup,4319.82,0.00,-3.92,0.00,0.003653,0.00
245,Swingup,4319.82,0.00,-3.92,0.00,0.003137,0.00
246,Swingup,4319.82,0.00,-3.92,0.00,0.003400,0.00
247,Swingup,4319.82,0.00,-3.92,0.00,0.003848,0.00
248,Swingup,4319.82,0.00,-3.92,0.00,0.003434,0.00
249,Swingup,4319.82,0.00,-3.92,0.00,0.003051,0.00
250,Swingup,4319.82,0.00,-3.92,0.00,0.004160,0.00
251,Swingup,4319.82,0.00,-3.92,0.00,0.003000,0.00
252,Swingup,4319.82,0.00,-3.92,0.00,0.003904,0.00
253,Swingup,4319.82,0.00,-3.92,0.00,0.003185,0.00
254,Swingup,4319.82,0.00,-3.92,0.00,0.003750,0.00
255,Swingup,4319.82,0.00,-3.92,0.00,0.003382,0.00
256,Swingup,4319.82,0.00,-3.92,0.00,0.003378,0.00
257,Swingup,4319.82,0.00,-3.92,0.00,0.003586,0.00
258,Swingup,4319.82,0.00,-3.92,0.00,0.003356,0.00
259,Swingup,4319.82,0.00,-3.92,0.00,0.003417,0.00
260,Swingup,4319.82,0.00,-3.92,0.00,0.003439,0.00
261,Swingup,4319.82,0.00,-3.92,0.00,0.003250,0.00
262,Swingup,4319.82,0.00,-3.92,0.00,0.003588,0.00
263,Swingup,4319.82,0.00,-3.92,0.00,0.003492,0.00
264,Swingup,4319.82,0.00,-3.92,0.00,0.003696,0.00
265,Swingup,4319.82,0.00,-3.92,0.00,0.003309,0.00
266,Swingup,4319.82,0.00,-3.92,0.00,0.003840,0.00
267,Swingup,4319.82,0.00,-3.92,0.00,0.003338,0.00
268,Swingup,4319.82,0.00,-3.92,0.00,0.003273,0.00
269,Swingup,4319.82,0.00,-3.92,0.00,0.003326,0.00
270,Swingup,4319.82,0.00,-3.92,0.00,0.003663,0.00
271,Swingup,4319.82,0.00,-3.92,0.00,0.003713,0.00
272,Swingup,4319.82,0.00,-3.92,0.00,0.003560,0.00
273,Swingup,4319.82,0.00,-3.92,0.00,0.003045,0.00
274,Swingup,4319.82,0.00,-3.92,0.00,0.003970,0.00
275,Swingup,4319.82,0.00,-3.92,0.00,0.003133,0.00
276,Swingup,4319.82,0.00,-3.92,0.00,0.003781,0.00
277,Swingup,4319.82,0.00,-3.92,0.00,0.003059,0.00
278,Swingup,4319.82,0.00,-3.92,0.00,0.003355,0.00
279,Swingup,4319.82,0.00,-3.92,0.00,0.004289,0.00
280,Swingup,4319.82,0.00,-3.92,0.00,0.003585,0.00
281,Swingup,4319.82,0.00,-3.92,0.00,0.005356,0.00
282,Swingup,4319.82,0.00,-3.92,0.00,0.003720,0.00
283,Swingup,4319.82,0.00,-3.92,0.00,0.003160,0.00
284,Swingup,4319.82,0.00,-3.92,0.00,0.003569,0.00
285,Swingup,4319.82,0.00,-3.92,0.00,0.003809,0.00
286,Swingup,4319.82,0.00,-3.92,0.00,0.003529,0.00
287,Swingup,4319.82,0.00,-3.92,0.00,0.003748,0.00
288,Swingup,4319.82,0.00,-3.92,0.00,0.003454,0.00
289,Swingup,4319.82,0.00,-3.92,0.00,0.003398,0.00
290,Swingup,4319.82,0.00,-3.92,0.00,0.003401,0.00
291,Swingup,4319.82,0.00,-3.92,0.00,0.003925,0.00
292,Swingup,4319.82,0.00,-3.92,0.00,0.003140,0.00
293,Swingup,4319.82,0.00,-3.92,0.00,0.003951,0.00
294,Swingup,4319.82,0.00,-3.92,0.00,0.003292,0.00
295,Swingup,4319.82,0.00,-3.92,0.00,0.003874,0.00
296,Swingup,4319.82,0.00,-3.92,0.00,0.003556,0.00
297,Swingup,4319.82,0.00,-3.92,0.00,0.003735,0.00
298,Swingup,4319.82,0.00,-3.92,0.00,0.003417,0.00
299,Swingup,4319.82,0.00,-3.92,0.00,0.003037,0.00
300,Swingup,4319.82,0.00,-3.92,0.00,0.003475,0.00
301,Balance,4319.82,0.00,-3.92,0.00,0.005984,-12.00
302,Balance,4319.82,0.00,-3.92,0.00,0.003802,-12.00
303,Balance,4319.82,0.00,-3.92,0.00,0.003551,-12.00
304,Balance,4319.47,-105.20,-4.44,-156.30,0.003327,-12.00
305,Balance,4319.12,-106.94,-4.80,-110.00,0.003273,-12.00
306,Balance,4318.41,-160.71,-5.50,-158.45,0.004418,-12.00
307,Balance,4317.53,-277.58,-6.38,-277.58,0.003170,-12.00
308,Balance,4316.30,-432.04,-7.61,-432.04,0.002847,-12.00
309,Balance,4315.07,-352.05,-8.84,-352.05,0.003494,-12.00
310,Balance,4313.49,-420.68,-10.25,-375.42,0.003756,-12.00
311,Balance,4311.73,-532.96,-12.18,-584.43,0.003302,-12.00
312,Balance,4309.62,-674.39,-14.11,-616.86,0.003129,-12.00
313,Balance,4307.51,-540.36,-16.22,-540.36,0.003905,-12.00
314,Balance,4305.05,-819.60,-18.68,-819.60,0.003001,-11.92
315,Balance,4302.59,-666.54,-20.97,-620.48,0.003691,-11.81
316,Balance,4299.78,-901.48,-23.78,-901.48,0.003117,-11.76
317,Balance,4296.97,-800.35,-26.42,-751.93,0.003511,-11.41
318,Balance,4293.98,-900.67,-29.41,-900.67,0.003320,-10.88
319,Balance,4291.34,-743.35,-32.04,-740.54,0.003551,-7.52
320,Balance,4288.18,-744.19,-35.03,-704.15,0.004246,-3.41
321,Balance,4284.84,-481.24,-38.19,-455.31,0.006940,-2.08
322,Balance,4278.51,-2074.38,-44.17,-1959.68,0.003052,11.97
323,Balance,4275.35,-844.42,-46.98,-750.89,0.003742,4.50
324,Balance,4272.36,-958.06,-49.80,-903.59,0.003121,7.77
325,Balance,4269.90,-667.66,-51.73,-523.81,0.003685,6.25
326,Balance,4267.08,-716.71,-54.19,-625.22,0.003935,9.23
327,Balance,4264.45,-798.13,-56.48,-694.95,0.003295,10.29
328,Balance,4261.81,-676.83,-58.76,-584.54,0.003901,10.89
329,Balance,4259.35,-811.04,-60.69,-636.30,0.003033,11.46
330,Balance,4257.07,-558.10,-62.45,-430.81,0.004085,10.71
331,Balance,4254.96,-627.52,-64.03,-469.90,0.003362,11.14
332,Balance,4252.85,-590.59,-65.62,-445.04,0.003573,10.52
333,Balance,4251.09,-491.51,-66.85,-343.50,0.003581,8.12
334,Balance,4249.16,-560.98,-68.08,-357.52,0.003440,9.24
335,Balance,4247.57,-407.84,-69.13,-269.33,0.003899,5.04
336,Balance,4245.99,-541.29,-70.01,-301.48,0.002919,7.06
337,Balance,4244.76,-333.44,-70.89,-238.56,0.003689,2.31
338,Balance,4243.53,-394.66,-71.59,-224.60,0.003117,3.56
339,Balance,4242.30,-284.57,-72.30,-164.26,0.004322,0.30
340,Balance,4240.89,-382.09,-73.00,-189.69,0.003690,5.16
341,Balance,4239.84,-184.76,-73.70,-123.17,0.005683,-3.20
342,Balance,4238.43,-368.56,-74.58,-230.03,0.003826,3.92
343,Balance,4237.73,-187.01,-75.11,-141.59,0.003743,-4.44
344,Balance,4236.85,-255.11,-75.64,-153.65,0.003449,-3.00
345,Balance,4236.32,-145.90,-75.99,-96.35,0.003633,-2.99
346,Balance,4235.62,-191.08,-76.51,-141.95,0.003663,-0.90
347,Balance,4235.27,-97.67,-77.04,-147.89,0.003584,-2.81
348,Balance,4234.92,-95.04,-77.57,-143.91,0.003683,-4.14
349,Balance,4234.74,-51.24,-78.10,-150.87,0.003513,-4.50
350,Balance,4234.57,-51.22,-78.45,-105.45,0.003319,-4.20
351,Balance,4234.57,0.00,-78.98,-138.54,0.003826,-2.84
352,Balance,4234.57,0.00,-79.50,-156.12,0.003331,-0.53
353,Balance,4234.57,0.00,-80.21,-178.31,0.003982,-3.31
354,Balance,4234.92,117.56,-80.73,-174.66,0.002977,-0.61
355,Balance,4235.09,52.89,-81.26,-164.90,0.003214,0.80
356,Balance,4235.44,87.41,-81.79,-132.36,0.004004,-2.75
357,Balance,4235.97,167.34,-82.49,-221.02,0.003167,0.25
358,Balance,4236.50,144.71,-83.02,-144.71,0.003663,-0.06
359,Balance,4237.20,203.68,-83.55,-154.21,0.003437,5.50
360,Balance,4237.91,186.23,-84.07,-136.39,0.003813,4.13
361,Balance,4238.61,156.71,-84.60,-118.65,0.004467,1.36
362,Balance,4240.01,318.32,-85.30,-159.16,0.004398,9.91
363,Balance,4241.25,433.16,-85.83,-185.14,0.002863,11.22
364,Balance,4242.12,260.96,-86.18,-104.99,0.003334,6.46
365,Balance,4243.53,365.58,-86.53,-90.75,0.003857,12.00
366,Balance,4244.94,381.01,-86.71,-48.64,0.003701,11.61
367,Balance,4246.34,393.54,-86.89,-50.60,0.003557,8.86
368,Balance,4247.75,396.91,-86.89,0.00,0.003552,7.54
369,Balance,4249.51,524.29,-86.89,0.00,0.003357,10.15
370,Balance,4251.26,475.51,-86.53,97.82,0.003680,6.16
371,Balance,4253.20,554.55,-86.36,48.59,0.003498,9.17
372,Balance,4255.13,594.43,-86.01,107.80,0.003247,10.12
373,Balance,4257.42,618.76,-85.48,143.21,0.003701,9.59
374,Balance,4259.70,675.26,-84.78,207.32,0.003376,9.53
375,Balance,4262.16,641.67,-83.90,229.54,0.003834,8.70
376,Balance,4264.80,643.51,-82.84,258.38,0.004102,9.39
377,Balance,4267.61,871.04,-81.79,325.48,0.003226,10.86
378,Balance,4270.60,935.89,-80.38,441.34,0.003195,10.51
379,Balance,4273.59,756.71,-78.98,354.31,0.003951,8.20
380,Balance,4277.10,982.38,-77.04,542.97,0.003573,10.20
381,Balance,4280.80,383.79,-74.93,218.86,0.009641,11.98
382,Balance,4291.52,3206.60,-68.25,1998.14,0.003343,-12.00
383,Balance,4295.56,1145.24,-65.44,796.57,0.003528,11.99
384,Balance,4300.48,1371.98,-61.75,1028.99,0.003586,10.20
385,Balance,4304.88,1305.34,-59.29,729.81,0.003371,12.00
386,Balance,4310.15,1727.28,-54.54,1556.84,0.003051,5.56
387,Balance,4315.07,1312.55,-50.85,984.42,0.003748,12.00
388,Balance,4320.87,1348.58,-46.10,1104.44,0.004301,11.32
389,Balance,4326.67,1821.97,-41.53,1435.59,0.003183,10.50
390,Balance,4332.65,1781.01,-36.61,1465.31,0.003358,7.48
391,Balance,4338.45,1366.61,-32.04,1076.79,0.004244,7.44
392,Balance,4344.25,2344.32,-27.65,1774.40,0.002474,-9.09
393,Balance,4349.53,1260.08,-23.60,966.54,0.004190,11.98
394,Balance,4355.85,2043.64,-19.03,1477.76,0.003093,-11.90
395,Balance,4360.95,1426.92,-15.87,884.13,0.003574,-6.20
396,Balance,4366.23,1358.81,-12.00,995.95,0.003886,-9.84
397,Balance,4371.32,1438.61,-9.54,695.28,0.003538,-11.24
398,Balance,4376.07,1315.74,-6.73,778.36,0.003610,-9.73
399,Balance,4380.82,1453.17,-4.09,807.66,0.003269,-11.44
400,Balance,4385.21,1015.27,-1.98,487.98,0.004324,-7.53
401,Balance,4389.78,427.33,-0.05,180.47,0.010694,-11.99
402,Balance,4402.44,3461.53,4.70,1298.76,0.003657,-12.00
403,Balance,4406.13,1129.21,5.75,321.32,0.003268,-10.47
404,Balance,4409.82,974.19,6.63,232.33,0.003788,-9.45
405,Balance,4413.51,1134.59,7.33,215.23,0.003252,-10.56
406,Balance,4416.85,880.29,7.86,139.69,0.003794,-5.39
407,Balance,4420.54,1014.82,8.39,145.76,0.003636,-6.41
408,Balance,4424.23,1091.85,8.74,103.56,0.003380,-5.82
409,Balance,4427.57,848.72,8.74,0.00,0.003935,4.59
410,Balance,4430.91,1007.12,8.92,54.28,0.003316,3.50
411,Balance,4434.25,854.31,8.74,-46.04,0.003910,3.90
412,Balance,4437.94,1089.70,8.74,0.00,0.003386,12.00
413,Balance,4440.93,836.73,8.74,0.00,0.003573,6.70
414,Balance,4444.10,836.01,8.56,-47.47,0.003792,12.00
415,Balance,4447.08,816.82,8.56,0.00,0.003648,11.78
416,Balance,4450.25,823.64,8.56,0.00,0.003849,12.00
417,Balance,4452.89,887.04,8.56,0.00,0.002976,12.00
418,Balance,4455.17,630.93,8.74,49.81,0.003614,5.80
419,Balance,4457.81,791.04,8.92,53.93,0.003337,12.00
420,Balance,4459.92,569.57,9.27,94.48,0.003705,11.94
421,Balance,4462.03,297.19,9.62,49.30,0.007100,-11.89
422,Balance,4466.07,1047.93,11.02,363.14,0.003855,12.00
423,Balance,4467.65,429.91,12.08,288.42,0.003675,11.83
424,Balance,4468.71,314.11,12.25,50.38,0.003375,-1.96
425,Balance,4470.64,523.47,14.01,477.37,0.003687,12.00
426,Balance,4471.87,363.44,15.24,363.44,0.003384,11.26
427,Balance,4472.75,174.67,16.47,244.14,0.005038,-8.68
428,Balance,4473.98,459.60,18.58,788.42,0.002676,12.00
429,Balance,4474.33,104.45,20.17,474.52,0.003351,-8.61
430,Balance,4474.33,0.00,21.22,284.53,0.003690,-11.78
431,Balance,4475.21,257.00,23.50,665.86,0.003424,11.32
432,Balance,4475.03,-53.39,24.74,367.79,0.003371,-11.99
433,Balance,4475.21,52.92,26.32,464.50,0.003402,-10.28
434,Balance,4475.91,178.15,28.60,580.24,0.003929,10.76
435,Balance,4475.56,-95.54,29.83,335.76,0.003663,-12.00
436,Balance,4475.91,82.96,31.42,376.88,0.004219,-0.99
437,Balance,4476.62,225.62,33.70,724.53,0.003147,11.84
438,Balance,4476.09,-145.63,34.75,288.50,0.003639,-12.00
439,Balance,4476.44,100.76,36.51,506.66,0.003474,2.64
440,Balance,4476.62,39.66,38.45,427.41,0.004539,-1.66
441,Balance,4476.09,-61.02,39.68,141.60,0.008686,-11.96
442,Balance,4475.91,-39.42,44.42,1038.17,0.004566,-6.99
443,Balance,4475.39,-171.88,46.18,581.76,0.003025,-11.98
444,Balance,4475.03,-87.76,47.59,343.74,0.004102,-10.89
445,Balance,4474.86,-57.64,49.17,535.69,0.002949,-10.67
446,Balance,4474.68,-51.45,50.40,351.55,0.003499,-10.93
447,Balance,4474.68,0.00,51.45,296.35,0.003543,-8.99
448,Balance,4474.86,53.60,52.51,315.65,0.003358,-6.83
449,Balance,4475.03,51.67,53.39,267.46,0.003290,-10.32
450,Balance,4475.21,50.21,53.92,147.83,0.003585,-11.14
451,Balance,4475.74,138.56,54.44,135.95,0.003825,-4.17
452,Balance,4476.26,144.37,54.97,147.15,0.003602,-7.64
453,Balance,4476.97,187.48,55.15,47.53,0.003787,1.42
454,Balance,4477.67,196.77,55.32,47.79,0.003557,-0.28
455,Balance,4478.55,251.96,55.32,0.00,0.003493,5.41
456,Balance,4479.43,213.66,55.32,0.00,0.004119,3.64
457,Balance,4480.31,251.50,55.32,0.00,0.003499,6.04
458,Balance,4481.19,228.26,55.32,0.00,0.003855,6.02
459,Balance,4481.71,197.25,55.32,0.00,0.002636,-0.74
460,Balance,4482.07,88.74,55.50,44.37,0.004057,-10.02
461,Balance,4482.42,43.52,55.85,43.52,0.008043,-11.17
462,Balance,4482.94,146.20,56.55,196.81,0.003557,1.46
463,Balance,4482.94,0.00,56.55,0.00,0.003185,-11.59
464,Balance,4483.47,140.14,56.73,47.59,0.003782,-6.65
465,Balance,4484.17,180.09,56.73,0.00,0.003887,0.84
466,Balance,4484.53,81.31,56.38,-79.05,0.004428,-10.87
467,Balance,4485.41,402.51,56.20,-82.33,0.002186,8.75
468,Balance,4486.11,190.30,55.85,-95.15,0.003678,1.81
469,Balance,4486.81,204.33,55.32,-154.71,0.003426,3.10
470,Balance,4488.22,379.47,55.15,-45.75,0.003716,12.00
471,Balance,4488.75,164.36,54.79,-111.64,0.003225,0.94
472,Balance,4489.45,223.75,54.44,-111.87,0.003129,5.86
473,Balance,4489.98,151.70,54.44,0.00,0.003494,1.64
474,Balance,4490.33,86.88,54.27,-42.20,0.004029,-5.42
475,Balance,4490.50,56.85,54.27,0.00,0.002990,-8.24
476,Balance,4490.68,49.35,54.27,0.00,0.003647,-8.33
477,Balance,4490.68,0.00,54.27,0.00,0.003540,-7.68
478,Balance,4491.03,80.08,54.09,-41.18,0.004371,-2.00
479,Balance,4491.56,207.66,53.74,-137.13,0.002552,7.68
480,Balance,4492.08,114.85,53.39,-77.30,0.004528,1.91
481,Balance,4492.96,87.72,52.86,-52.83,0.010031,-8.10
482,Balance,4494.90,526.22,52.16,-189.87,0.003687,12.00
483,Balance,4494.90,0.00,51.98,-49.13,0.003664,-9.70
484,Balance,4494.90,0.00,51.63,-103.72,0.003374,-9.34
485,Balance,4495.60,219.76,52.16,166.39,0.003185,12.00
486,Balance,4495.25,-89.72,51.63,-135.86,0.003901,-10.82
487,Balance,4495.60,121.98,51.45,-62.73,0.002869,1.50
488,Balance,4496.48,203.78,51.63,41.68,0.004318,12.00
489,Balance,4496.30,-63.96,50.93,-248.75,0.002814,-11.14
490,Balance,4497.01,209.89,50.75,-53.21,0.003383,9.58
491,Balance,4497.53,139.58,50.93,48.32,0.003726,2.87
492,Balance,4497.36,-59.25,50.05,-306.69,0.002869,-11.61
493,Balance,4498.24,252.48,50.22,48.77,0.003485,8.39
494,Balance,4498.41,47.84,50.05,-47.84,0.003554,-3.88
495,Balance,4498.24,-46.07,49.52,-143.63,0.003690,-10.85
496,Balance,4499.29,292.22,49.52,0.00,0.003593,12.00
497,Balance,4499.12,-51.09,49.17,-105.18,0.003328,-7.73
498,Balance,4499.47,93.56,48.64,-141.67,0.003741,2.38
499,Balance,4500.52,347.46,48.82,59.56,0.003022,-11.97
500,Balance,4500.35,-42.60,48.11,-177.92,0.003991,-10.66
501,Balance,4501.40,125.29,47.94,-20.28,0.008381,7.13
502,Balance,4502.81,430.39,45.83,-644.06,0.003276,12.00
503,Balance,4504.21,360.27,44.77,-272.78,0.003886,12.00
504,Balance,4505.97,469.62,43.90,-232.14,0.003748,12.00
505,Balance,4507.38,389.95,43.02,-243.37,0.003616,12.00
506,Balance,4508.26,281.26,42.31,-226.93,0.003129,12.00
507,Balance,4508.96,219.02,41.79,-162.70,0.003196,12.00
508,Balance,4509.31,93.46,41.61,-48.07,0.003745,11.99
509,Balance,4509.49,46.48,41.43,-46.48,0.003872,9.63
510,Balance,4509.49,0.00,41.79,112.51,0.003200,12.00
511,Balance,4509.31,-53.77,42.14,104.55,0.003348,11.88
512,Balance,4508.96,-76.32,42.67,115.58,0.004586,12.00
513,Balance,4508.08,-254.88,43.72,304.12,0.003453,3.05
514,Balance,4507.38,-218.11,44.95,383.25,0.003209,11.29
515,Balance,4506.32,-272.86,46.18,316.62,0.003885,3.59
516,Balance,4504.92,-464.96,47.76,524.74,0.003011,-10.41
517,Balance,4503.69,-275.84,49.34,354.33,0.004459,1.98
518,Balance,4501.93,-556.00,51.28,612.86,0.003165,-12.00
519,Balance,4500.00,-549.30,52.68,398.45,0.003514,-12.00
520,Balance,4499.12,-236.94,54.44,473.87,0.003714,2.22
521,Balance,4497.53,-197.48,55.50,131.65,0.008052,-2.41
522,Balance,4495.95,-409.02,57.78,590.24,0.003863,-12.00
523,Balance,4495.78,-45.20,58.66,233.96,0.003761,11.92
524,Balance,4495.60,-54.73,59.36,212.83,0.003289,4.22
525,Balance,4495.25,-99.85,59.54,51.35,0.003505,-5.89
526,Balance,4495.60,100.25,60.77,352.29,0.003491,-11.99
527,Balance,4495.07,-135.99,61.30,135.99,0.003897,-6.67
528,Balance,4494.55,-153.27,61.65,103.16,0.003393,-8.84
529,Balance,4494.37,-49.59,61.83,49.59,0.003629,-2.23
530,Balance,4494.55,53.70,62.00,50.72,0.003352,10.14
531,Balance,4494.72,50.31,62.00,0.00,0.003379,9.27
532,Balance,4495.25,163.84,62.00,0.00,0.003235,8.55
533,Balance,4495.95,212.77,62.18,54.71,0.003290,12.00
534,Balance,4496.13,46.47,62.35,43.88,0.003874,9.73
535,Balance,4496.13,0.00,62.70,99.37,0.003522,4.87
536,Balance,4495.78,-115.69,63.23,175.19,0.003025,-3.55
537,Balance,4495.42,-99.59,63.93,193.66,0.003615,-1.14
538,Balance,4494.72,-216.09,64.64,219.18,0.003239,-10.35
539,Balance,4493.84,-216.49,65.34,172.21,0.004065,-11.81
540,Balance,4493.14,-178.37,66.04,178.37,0.003924,-10.25
541,Balance,4492.44,-51.15,66.57,38.73,0.013685,-0.53
542,Balance,4493.14,186.61,66.75,47.99,0.003751,8.39
543,Balance,4493.84,179.03,66.04,-181.58,0.003910,2.61
544,Balance,4494.90,271.56,65.52,-133.22,0.003903,11.99
545,Balance,4496.13,418.72,64.81,-241.70,0.002938,12.00
546,Balance,4496.66,123.19,64.29,-120.87,0.004302,2.43
547,Balance,4497.53,255.82,63.93,-105.86,0.003401,8.76
548,Balance,4497.71,61.62,63.76,-58.20,0.002921,1.24
549,Balance,4497.89,57.78,63.58,-57.78,0.003115,2.06
550,Balance,4497.89,0.00,63.76,38.99,0.004616,5.61
551,Balance,4497.71,-66.82,63.76,0.00,0.002694,0.03
552,Balance,4497.53,-49.38,64.11,96.01,0.003645,0.20
553,Balance,4497.53,0.00,64.29,50.23,0.003584,4.47
554,Balance,4497.18,-100.05,64.64,100.05,0.003498,-2.55
555,Balance,4497.01,-48.18,64.99,99.20,0.003528,1.34
556,Balance,4496.66,-88.33,65.34,88.33,0.003963,-1.21
557,Balance,4496.30,-119.74,65.69,116.42,0.003006,-2.96
558,Balance,4496.13,-42.64,66.04,87.78,0.003987,1.47
559,Balance,4495.78,-103.45,66.22,53.20,0.003383,-2.36
560,Balance,4495.60,-43.36,66.57,84.31,0.004151,0.76
561,Balance,4495.42,-27.21,66.75,27.21,0.006616,2.13
562,Balance,4495.25,-47.88,67.10,98.58,0.003550,-0.83
563,Balance,4495.07,-43.90,67.27,41.46,0.004100,-1.33
564,Balance,4495.07,0.00,67.45,53.31,0.003376,2.06
565,Balance,4494.90,-41.77,67.63,44.22,0.004070,-1.53
566,Balance,4494.72,-53.80,67.63,0.00,0.003346,-2.06
567,Balance,4494.72,0.00,67.80,47.02,0.003616,1.33
568,Balance,4494.55,-46.45,67.98,49.18,0.003660,-2.20
569,Balance,4494.55,0.00,67.98,0.00,0.003406,-0.29
570,Balance,4494.55,0.00,67.98,0.00,0.003098,-0.73
571,Balance,4494.55,0.00,67.98,0.00,0.003803,-0.73
572,Balance,4494.55,0.00,68.15,55.80,0.003047,-1.22
573,Balance,4494.37,-43.22,67.98,-40.82,0.004165,-4.87
574,Balance,4494.55,60.29,67.98,0.00,0.002985,0.03
575,Balance,4494.55,0.00,67.98,0.00,0.004068,-1.91
576,Balance,4494.55,0.00,67.80,-52.47,0.003431,-1.89
577,Balance,4494.72,50.35,67.63,-50.35,0.003376,-0.57
578,Balance,4494.90,49.21,67.45,-49.21,0.003658,-0.53
579,Balance,4495.07,53.06,67.27,-56.19,0.003204,-0.36
580,Balance,4495.25,42.74,66.92,-83.10,0.004212,-0.53
581,Balance,4495.42,21.36,66.57,-43.97,0.007959,-1.96
582,Balance,4495.95,147.97,65.87,-195.43,0.003582,5.51
583,Balance,4496.30,92.60,65.69,-47.62,0.003780,1.16
584,Balance,4496.48,57.42,65.17,-165.88,0.003135,-0.22
585,Balance,4496.83,104.34,64.99,-53.66,0.003354,1.68
586,Balance,4496.83,0.00,64.81,-46.51,0.003870,-3.64
587,Balance,4497.01,49.96,64.46,-97.14,0.003603,0.60
588,Balance,4497.18,46.20,64.29,-46.20,0.003680,0.80
589,Balance,4497.18,0.00,63.93,-118.97,0.003026,-2.55
590,Balance,4497.53,73.75,63.58,-73.75,0.004746,2.75
591,Balance,4497.53,0.00,63.41,-69.46,0.002448,-2.57
592,Balance,4497.71,52.11,63.06,-101.32,0.003454,1.29
593,Balance,4498.06,90.82,62.88,-46.71,0.003854,4.99
594,Balance,4498.06,0.00,62.35,-134.94,0.003928,-2.01
595,Balance,4498.41,106.31,62.18,-51.64,0.003292,6.07
596,Balance,4498.59,47.87,61.83,-93.08,0.003760,2.11
597,Balance,4498.59,0.00,61.65,-50.51,0.003564,-0.88
598,Balance,4498.76,50.13,61.47,-53.07,0.003392,3.05
599,Balance,4498.59,-61.18,61.30,-61.18,0.002779,-6.08
600,Balance,4498.59,0.00,61.12,-44.62,0.004034,0.83
601,Balance,4498.59,0.00,61.12,0.00,0.007483,0.83
602,Balance,4498.41,-58.07,60.59,-171.00,0.003099,-5.97
603,Balance,4498.76,98.03,60.24,-98.03,0.003570,8.70
604,Balance,4498.94,47.26,60.07,-44.64,0.003808,5.09
605,Balance,4498.94,0.00,59.54,-176.55,0.003002,-0.93
606,Balance,4499.64,172.04,59.36,-44.24,0.004069,11.93
607,Balance,4499.47,-54.75,59.19,-54.75,0.003105,-6.34
608,Balance,4499.47,0.00,58.84,-98.66,0.003548,1.63
609,Balance,4499.64,43.10,59.01,43.10,0.003944,12.00
610,Balance,4499.12,-149.50,58.66,-100.62,0.003478,-11.00
611,Balance,4499.29,49.78,58.66,0.00,0.003415,3.92
612,Balance,4499.12,-46.91,58.84,49.67,0.003624,1.53
613,Balance,4498.41,-196.88,58.31,-146.96,0.003606,-11.26
614,Balance,4498.59,51.74,58.49,51.74,0.003479,-2.86
615,Balance,4498.24,-105.79,58.49,0.00,0.003309,-10.77
616,Balance,4498.06,-48.97,58.13,-97.93,0.003676,-9.89
617,Balance,4498.24,54.04,57.96,-51.04,0.003331,2.98
618,Balance,4498.24,0.00,57.61,-97.09,0.003605,-2.59
619,Balance,4498.76,197.90,57.08,-201.70,0.002628,9.08
620,Balance,4499.47,212.53,56.55,-158.65,0.003341,11.06
621,Balance,4499.82,48.06,55.85,-96.12,0.007283,-2.97
622,Balance,4500.87,259.85,54.97,-217.78,0.004041,12.00
623,Balance,4500.87,0.00,54.79,-47.22,0.003812,-5.60
624,Balance,4500.70,-51.46,54.44,-105.94,0.003304,-5.34
625,Balance,4500.70,0.00,54.79,92.54,0.003782,11.21
626,Balance,4500.00,-211.42,54.62,-51.35,0.003311,-11.04
627,Balance,4500.00,0.00,54.62,0.00,0.003744,9.96
628,Balance,4500.17,53.83,54.97,110.82,0.003158,11.99
629,Balance,4499.64,-134.96,54.44,-134.96,0.003927,-10.86
630,Balance,4500.00,106.40,54.79,103.45,0.003383,12.00
631,Balance,4499.47,-129.82,54.97,44.09,0.004082,-5.02
632,Balance,4498.59,-266.63,54.62,-106.05,0.003300,-11.89
633,Balance,4498.76,48.55,55.50,251.33,0.003501,12.00
634,Balance,4498.06,-181.03,55.50,0.00,0.003867,-4.84
635,Balance,4497.53,-180.17,55.32,-61.19,0.002942,-11.55
636,Balance,4497.89,85.19,55.85,125.42,0.004226,12.00
637,Balance,4497.18,-188.81,55.85,0.00,0.003760,-10.21
638,Balance,4496.83,-110.94,55.67,-57.05,0.003155,-11.16
639,Balance,4497.18,91.62,56.20,138.74,0.003820,-6.24
640,Balance,4496.48,-182.19,55.67,-137.94,0.003842,-11.67
641,Balance,4496.66,30.65,55.50,-28.95,0.005873,-8.99
642,Balance,4497.18,161.74,54.62,-273.71,0.003215,7.97
643,Balance,4497.71,141.94,53.74,-235.68,0.003734,4.96
644,Balance,4498.59,229.72,52.86,-229.72,0.003831,9.16
645,Balance,4499.82,418.14,52.16,-237.97,0.002942,12.00
646,Balance,4500.35,148.77,51.28,-247.02,0.003562,7.15
647,Balance,4501.05,233.24,50.75,-176.60,0.003001,10.81
648,Balance,4501.23,52.61,50.22,-154.90,0.003422,0.83
649,Balance,4501.40,47.44,49.87,-97.68,0.003583,1.23
650,Balance,4501.40,0.00,49.87,0.00,0.003968,-1.99
651,Balance,4501.05,-110.73,49.70,-53.78,0.003161,-8.75
652,Balance,4500.70,-85.96,49.70,0.00,0.004072,-6.84
653,Balance,4500.35,-107.58,49.70,0.00,0.003253,-7.45
654,Balance,4500.17,-48.50,49.52,-48.50,0.003711,-3.88
655,Balance,4500.17,0.00,49.34,-57.73,0.003118,1.18
656,Balance,4500.35,43.24,48.82,-124.92,0.004163,4.66
657,Balance,4500.87,153.73,48.47,-103.48,0.003382,8.96
658,Balance,4501.23,116.54,47.94,-171.58,0.003089,4.95
659,Balance,4501.75,132.03,47.41,-134.57,0.003938,7.99
660,Balance,4502.10,108.31,47.06,-108.31,0.003232,6.88
661,Balance,4502.10,0.00,46.88,-21.49,0.008377,-1.12
662,Balance,4501.75,-105.34,46.88,0.00,0.003323,-7.17
663,Balance,4501.23,-144.33,47.24,99.92,0.003603,-8.12
664,Balance,4500.52,-222.67,47.41,53.31,0.003189,-10.73
665,Balance,4500.00,-152.68,47.59,52.85,0.003406,-8.18
666,Balance,4499.64,-100.85,47.59,0.00,0.003570,-6.03
667,Balance,4499.64,0.00,47.41,-53.18,0.003385,-1.93
668,Balance,4499.82,50.40,47.24,-47.60,0.003572,3.61
669,Balance,4500.00,43.83,46.71,-129.06,0.004107,3.30
670,Balance,4500.52,178.12,46.36,-119.89,0.002919,8.98
671,Balance,4501.23,181.48,45.83,-135.47,0.003912,9.88
672,Balance,4501.40,45.39,45.30,-141.51,0.003745,0.26
673,Balance,4501.93,165.52,45.13,-53.09,0.003202,9.35
674,Balance,4501.93,0.00,44.95,-52.95,0.003399,-2.19
675,Balance,4501.75,-57.56,44.77,-57.56,0.003127,4.47
676,Balance,4501.58,-43.39,44.77,0.00,0.003918,2.42
677,Balance,4501.23,-114.30,44.77,0.00,0.003062,-6.08
678,Balance,4501.05,-50.50,45.13,101.00,0.003564,-1.08
679,Balance,4500.70,-93.22,45.13,0.00,0.003754,-5.46
680,Balance,4500.17,-129.38,45.30,41.50,0.004097,-7.50
681,Balance,4500.00,-18.62,45.48,19.72,0.009129,8.02
682,Balance,4499.82,-56.14,45.13,-109.16,0.003206,-6.14
683,Balance,4500.00,51.03,44.77,-102.05,0.003528,2.17
684,Balance,4500.52,144.00,44.60,-47.08,0.003611,6.64
685,Balance,4500.35,-51.91,44.25,-106.88,0.003275,-11.50
686,Balance,4500.87,183.05,44.07,-63.36,0.002841,8.90
687,Balance,4501.05,51.15,43.72,-99.47,0.003519,1.54
688,Balance,4500.87,-54.07,43.02,-210.29,0.003329,-11.62
689,Balance,4501.58,181.43,43.02,0.00,0.003913,9.19
690,Balance,4501.58,0.00,42.67,-106.52,0.003286,-7.42
691,Balance,4501.58,0.00,41.96,-204.05,0.003479,-4.36
692,Balance,4502.28,224.91,41.96,0.00,0.003112,10.75
693,Balance,4502.10,-47.30,41.43,-139.26,0.003806,-10.77
694,Balance,4502.63,146.24,40.91,-143.48,0.003624,7.27
695,Balance,4503.33,226.09,40.73,-58.14,0.003096,11.54
696,Balance,4503.16,-42.51,39.85,-220.07,0.003999,-11.26
697,Balance,4504.04,291.02,39.68,-56.22,0.003024,12.00
698,Balance,4504.39,89.27,39.50,-45.91,0.003921,3.55
699,Balance,4504.04,-97.45,38.62,-245.02,0.003592,-11.46
700,Balance,4504.92,254.73,38.97,101.31,0.003455,-11.40
701,Balance,4504.74,-17.54,38.62,-34.11,0.010260,-3.05
702,Balance,4505.62,267.54,37.04,-480.36,0.003289,12.00
703,Balance,4506.50,228.19,35.99,-272.27,0.003856,12.00
704,Balance,4507.73,379.92,35.11,-271.82,0.003237,12.00
705,Balance,4509.14,389.82,34.40,-196.29,0.003617,12.00
706,Balance,4510.01,252.34,33.70,-203.03,0.003448,12.00
707,Balance,4510.72,177.50,33.17,-132.50,0.004000,12.00
708,Balance,4511.07,109.78,32.82,-109.78,0.003188,12.00
709,Balance,4511.25,48.21,32.82,0.00,0.003734,11.98
710,Balance,4511.25,0.00,32.82,0.00,0.003097,10.70
711,Balance,4510.89,-95.97,33.35,141.29,0.003751,7.69
712,Balance,4510.37,-134.38,34.05,180.90,0.003870,6.48
713,Balance,4509.66,-201.08,34.75,198.25,0.003531,5.22
714,Balance,4508.78,-245.92,35.81,296.22,0.003578,4.83
715,Balance,4507.73,-313.99,37.04,367.82,0.003344,-0.93
716,Balance,4506.67,-304.89,38.27,353.79,0.003477,-0.36
717,Balance,4505.62,-319.06,39.50,373.76,0.003291,-0.58
718,Balance,4504.21,-397.66,40.73,346.89,0.003546,-11.40
719,Balance,4503.16,-276.72,42.14,371.60,0.003794,1.58
720,Balance,4501.93,-328.81,43.54,374.25,0.003741,-10.10
721,Balance,4500.70,-384.86,44.42,275.34,0.003196,-12.00
722,Balance,4500.17,-151.12,45.65,350.71,0.003507,9.55
723,Balance,4499.12,-331.90,46.36,224.43,0.003164,-11.90
724,Balance,4498.76,-99.97,47.06,194.39,0.003601,7.10
725,Balance,4498.76,0.00,48.11,288.71,0.003637,12.00
726,Balance,4497.89,-215.18,48.29,44.52,0.004043,-10.69
727,Balance,4498.06,60.16,49.17,311.40,0.002826,12.00
728,Balance,4497.71,-90.74,50.05,228.15,0.003857,7.88
729,Balance,4496.66,-330.86,50.40,110.29,0.003174,-12.00
730,Balance,4496.66,0.00,51.45,290.77,0.003611,1.32
731,Balance,4495.95,-185.72,52.33,230.18,0.003823,-6.43
732,Balance,4494.90,-275.77,52.86,139.20,0.003808,-12.00
733,Balance,4494.55,-126.07,53.74,316.99,0.002776,5.91
734,Balance,4493.84,-219.55,54.27,163.89,0.003234,-11.85
735,Balance,4493.67,-50.18,54.62,103.32,0.003388,-1.43
736,Balance,4493.84,54.30,55.32,223.58,0.003131,11.73
737,Balance,4493.14,-174.17,55.32,0.00,0.004019,-11.83
738,Balance,4493.32,57.17,55.85,168.33,0.003149,7.70
739,Balance,4493.49,49.61,56.38,154.67,0.003427,11.68
740,Balance,4492.96,-151.57,56.20,-51.48,0.003497,-10.70
741,Balance,4493.14,43.05,56.73,126.76,0.004181,9.53
742,Balance,4492.79,-102.68,57.61,258.17,0.003409,-5.53
743,Balance,4491.73,-278.69,57.78,44.70,0.003803,-12.00
744,Balance,4491.91,48.73,58.66,238.25,0.003694,6.61
745,Balance,4490.85,-295.51,59.19,147.76,0.003587,-12.00
746,Balance,4490.50,-84.06,59.54,84.06,0.004164,-8.10
747,Balance,4490.68,62.04,60.07,182.68,0.002901,2.46
748,Balance,4489.98,-194.37,60.07,0.00,0.003601,-11.74
749,Balance,4489.98,0.00,60.24,44.26,0.003841,-6.65
750,Balance,4490.33,91.57,60.42,47.09,0.003822,-3.22
751,Balance,4490.15,-57.81,60.24,-57.81,0.003114,-9.97
752,Balance,4490.50,89.42,59.89,-89.42,0.003914,-4.31
753,Balance,4491.03,157.80,59.54,-104.21,0.003359,1.37
754,Balance,4491.38,91.19,59.19,-91.19,0.003838,-7.03
755,Balance,4492.08,209.67,58.49,-209.67,0.003339,4.75
756,Balance,4492.96,267.66,57.78,-215.95,0.003288,9.01
757,Balance,4493.49,141.84,57.08,-187.33,0.003737,-7.40
758,Balance,4494.55,287.47,56.38,-189.84,0.003687,9.95
759,Balance,4495.25,218.58,55.85,-165.50,0.003202,8.09
760,Balance,4495.25,0.00,55.15,-186.86,0.003746,-10.38
761,Balance,4496.30,222.43,54.97,-38.13,0.004721,8.07
762,Balance,4496.66,96.59,54.44,-142.20,0.003727,2.06
763,Balance,4496.30,-95.95,53.74,-186.57,0.003752,-11.23
764,Balance,4497.18,246.12,53.74,0.00,0.003576,11.97
765,Balance,4497.01,-46.93,53.39,-96.63,0.003622,-9.86
766,Balance,4497.01,0.00,53.04,-92.07,0.003801,-8.00
767,Balance,4497.71,188.58,53.21,45.80,0.003712,12.00
768,Balance,4497.36,-114.64,52.51,-229.29,0.003053,-11.61
769,Balance,4497.89,138.25,52.16,-91.29,0.003834,6.24
770,Balance,4498.59,229.59,52.16,0.00,0.003049,9.15
771,Balance,4498.41,-54.28,51.28,-265.37,0.003316,-11.39
772,Balance,4499.12,195.02,51.10,-49.44,0.003641,9.40
773,Balance,4499.47,89.63,50.75,-89.63,0.003905,5.02
774,Balance,4499.29,-50.19,49.87,-245.36,0.003587,-11.43
775,Balance,4500.17,225.62,49.87,0.00,0.003900,11.99
776,Balance,4500.17,0.00,49.52,-88.55,0.003953,-1.98
777,Balance,4500.00,-50.82,48.99,-158.43,0.003345,-5.99
778,Balance,4500.87,258.93,49.34,104.17,0.003360,-11.03
779,Balance,4500.52,-101.61,48.82,-150.96,0.003445,-11.02
780,Balance,4500.70,43.40,48.47,-84.39,0.004147,0.90
781,Balance,4500.87,29.77,47.94,-92.82,0.005710,0.08
782,Balance,4502.10,398.35,46.71,-398.35,0.003088,12.00
783,Balance,4503.33,318.95,45.83,-228.19,0.003856,12.00
784,Balance,4504.21,213.31,44.77,-256.95,0.004125,11.97
785,Balance,4505.44,417.80,44.25,-176.63,0.002944,12.00
786,Balance,4505.97,136.50,43.54,-182.86,0.003883,10.60
787,Balance,4506.32,81.85,43.19,-81.85,0.004276,7.84
788,Balance,4506.32,0.00,43.19,0.00,0.003062,3.22
789,Balance,4506.15,-52.27,43.19,0.00,0.003253,-1.28
790,Balance,4505.80,-109.98,43.54,109.98,0.003182,-0.02
791,Balance,4505.27,-174.97,43.90,118.85,0.003029,-7.37
792,Balance,4504.74,-142.95,44.25,94.40,0.003708,-1.28
793,Balance,4504.21,-151.53,44.60,100.07,0.003498,-2.72
794,Balance,4503.69,-134.18,44.95,90.31,0.003875,-3.39
795,Balance,4503.69,0.00,45.30,108.21,0.003234,11.92
796,Balance,4503.51,-49.57,45.30,0.00,0.003631,7.27
797,Balance,4503.33,-59.47,45.48,59.47,0.003027,3.83
798,Balance,4503.51,55.50,46.00,160.32,0.003243,12.00
799,Balance,4503.16,-97.86,46.36,100.66,0.003577,5.75
800,Balance,4502.63,-113.79,46.71,75.15,0.004658,-0.01
801,Balance,4502.10,-43.26,47.59,71.83,0.012251,11.07
802,Balance,4498.76,-892.46,50.93,892.46,0.003742,-12.00
803,Balance,4497.36,-355.21,52.16,312.08,0.003941,-12.00
804,Balance,4496.30,-294.10,53.56,388.44,0.003604,-6.43
805,Balance,4494.37,-685.73,54.09,188.31,0.002815,-12.00
806,Balance,4493.49,-262.59,55.15,316.30,0.003351,-9.60
807,Balance,4492.79,-189.79,55.85,189.79,0.003688,-7.64
808,Balance,4492.08,-181.25,56.55,178.70,0.003917,-11.45
809,Balance,4491.73,-120.36,56.90,120.36,0.002908,-10.08
810,Balance,4491.56,-48.29,57.08,51.13,0.003520,-5.92
811,Balance,4491.56,0.00,57.08,0.00,0.003498,-2.87
812,Balance,4491.73,49.43,56.73,-101.77,0.003439,-7.52
813,Balance,4492.26,98.57,56.38,-65.09,0.005377,1.12
814,Balance,4492.79,405.36,56.02,-275.34,0.001307,11.87
815,Balance,4493.32,150.22,55.50,-147.39,0.003528,0.75
816,Balance,4494.02,202.67,54.79,-205.56,0.003454,6.35
817,Balance,4494.72,190.22,54.44,-95.11,0.003680,7.18
818,Balance,4494.90,51.48,54.09,-100.10,0.003497,-8.52
819,Balance,4495.25,97.87,53.74,-97.87,0.003576,-0.97
820,Balance,4495.25,0.00,53.56,-52.09,0.003456,-8.98
821,Balance,4495.07,-14.24,53.21,-27.70,0.012637,-9.52
822,Balance,4495.78,236.78,52.16,-350.16,0.002999,11.83
823,Balance,4495.95,43.79,51.81,-90.15,0.003882,-6.11
824,Balance,4496.48,146.07,51.10,-195.67,0.003628,3.75
825,Balance,4497.36,277.04,51.10,0.00,0.003176,11.90
826,Balance,4497.36,0.00,50.40,-197.55,0.003543,-11.18
827,Balance,4498.06,179.16,50.05,-89.58,0.003907,8.39
828,Balance,4498.24,53.51,49.70,-104.05,0.003364,-4.65
829,Balance,4498.06,-50.45,48.82,-246.62,0.003568,-10.99
830,Balance,4498.76,223.15,48.82,0.00,0.003137,11.58
831,Balance,4498.41,-82.05,48.29,-124.25,0.004266,-11.05
832,Balance,4498.76,93.38,47.59,-186.76,0.003748,-0.13
833,Balance,4499.64,281.20,47.59,0.00,0.003129,11.99
834,Balance,4499.47,-42.89,46.71,-222.01,0.003964,-11.50
835,Balance,4500.35,270.92,46.18,-163.17,0.003248,11.97
836,Balance,4500.87,140.75,45.83,-94.73,0.003695,8.05
837,Balance,4500.70,-46.06,44.77,-287.23,0.003690,-11.60
838,Balance,4501.58,260.92,44.95,53.37,0.003373,-12.00
839,Balance,4501.58,0.00,44.60,-101.82,0.003438,-3.29
840,Balance,4501.40,-48.06,43.90,-186.89,0.003746,-8.28
841,Balance,4501.75,62.27,43.37,-94.30,0.005620,-0.27
842,Balance,4502.98,329.52,42.14,-329.52,0.003733,12.00
843,Balance,4503.51,174.26,41.26,-289.33,0.003042,8.90
844,Balance,4504.57,292.23,40.56,-192.98,0.003627,12.00
845,Balance,4505.62,281.39,40.03,-142.03,0.003731,12.00
846,Balance,4506.15,157.38,39.33,-207.86,0.003368,11.02
847,Balance,4506.50,97.72,38.97,-100.51,0.003582,7.38
848,Balance,4506.50,0.00,38.80,-50.24,0.003384,-0.89
849,Balance,4506.50,0.00,38.80,0.00,0.003539,-0.89
850,Balance,4506.15,-87.63,38.97,42.56,0.003994,3.27
851,Balance,4505.62,-181.36,39.15,61.60,0.002922,-6.79
852,Balance,4505.09,-160.63,39.50,106.08,0.003299,-7.37
853,Balance,4504.92,-50.81,39.68,53.80,0.003345,4.25
854,Balance,4504.39,-139.42,40.03,92.07,0.003802,-5.33
855,Balance,4504.21,-48.48,40.03,0.00,0.003713,12.00
856,Balance,4504.39,49.74,40.20,46.98,0.003618,12.00
857,Balance,4504.21,-50.67,40.20,0.00,0.003553,5.32
858,Balance,4504.57,117.03,40.56,117.03,0.003076,12.00
859,Balance,4504.21,-104.68,40.73,49.43,0.003439,-3.58
860,Balance,4503.69,-150.22,41.26,153.11,0.003462,-8.01
861,Balance,4503.16,-58.94,41.96,77.84,0.008992,7.07
862,Balance,4501.05,-590.87,43.37,394.84,0.003571,-12.00
863,Balance,4500.52,-140.12,43.90,140.12,0.003783,-2.28
864,Balance,4500.52,0.00,44.42,142.11,0.003659,11.83
865,Balance,4499.64,-223.25,44.42,0.00,0.003942,-11.95
866,Balance,4499.64,0.00,44.77,118.12,0.002963,10.24
867,Balance,4499.64,0.00,45.30,148.76,0.003563,10.06
868,Balance,4498.94,-187.66,45.13,-45.58,0.003730,-11.89
869,Balance,4499.29,95.17,45.83,190.34,0.003678,12.00
870,Balance,4498.76,-157.32,46.36,157.32,0.003369,-7.75
871,Balance,4497.89,-228.79,46.36,0.00,0.003803,-9.40
872,Balance,4498.06,52.50,47.24,271.78,0.003238,11.98
873,Balance,4497.01,-318.23,47.41,51.52,0.003299,-11.93
874,Balance,4496.83,-55.48,47.76,107.89,0.003244,1.82
875,Balance,4496.83,0.00,48.47,186.22,0.003813,11.99
876,Balance,4496.13,-174.59,48.29,-44.89,0.004009,-11.89
877,Balance,4496.13,0.00,48.82,147.67,0.003589,7.65
878,Balance,4495.95,-55.03,49.34,158.97,0.003271,0.58
879,Balance,4495.25,-210.18,49.17,-51.04,0.003330,-11.44
880,Balance,4495.42,50.71,49.70,158.11,0.003352,11.89
881,Balance,4494.72,-93.26,50.05,46.63,0.007506,-3.92
882,Balance,4494.37,-82.38,50.05,0.00,0.004249,-8.10
883,Balance,4494.90,180.97,50.75,239.01,0.002929,12.00
884,Balance,4494.37,-132.79,50.58,-42.59,0.003991,-7.74
885,Balance,4494.37,0.00,50.58,0.00,0.003326,11.91
886,Balance,4494.72,103.39,50.93,103.39,0.003385,12.00
887,Balance,4494.02,-227.65,50.75,-58.54,0.003075,-11.54
888,Balance,4494.55,140.56,51.10,92.82,0.003771,12.00
889,Balance,4494.19,-96.80,51.28,48.40,0.003719,-7.44
890,Balance,4493.32,-267.17,51.10,-55.28,0.003256,-11.97
891,Balance,4493.32,0.00,51.98,257.52,0.003417,11.67
892,Balance,4492.44,-254.39,51.98,0.00,0.003459,-11.73
893,Balance,4492.26,-58.02,51.98,0.00,0.003102,-3.72
894,Balance,4492.61,94.48,52.68,188.97,0.003704,10.73
895,Balance,4491.73,-258.36,52.16,-152.67,0.003406,-11.87
896,Balance,4491.73,0.00,52.33,53.14,0.003199,0.24
897,Balance,4491.73,0.00,52.51,49.57,0.003631,-10.59
898,Balance,4491.21,-123.43,52.16,-83.08,0.004213,-9.06
899,Balance,4491.21,0.00,52.33,68.15,0.002494,-0.83
900,Balance,4491.21,0.00,51.98,-97.35,0.003595,-10.91
901,Balance,4491.38,24.03,51.63,-49.47,0.007076,-10.40
902,Balance,4492.08,191.00,50.93,-191.00,0.003665,6.33
903,Balance,4492.26,42.82,50.05,-209.35,0.004204,-11.14
904,Balance,4492.79,168.83,49.17,-280.32,0.003139,-6.45
905,Balance,4494.02,320.67,48.64,-138.18,0.003836,7.90
906,Balance,4494.19,46.26,47.24,-380.93,0.003675,-11.38
907,Balance,4495.25,310.84,46.36,-258.06,0.003410,10.69
908,Balance,4496.30,317.84,45.48,-266.38,0.003304,11.77
909,Balance,4496.66,98.34,44.07,-385.17,0.003661,-8.47
910,Balance,4498.06,384.72,43.37,-192.36,0.003639,12.00
911,Balance,4498.59,168.20,42.67,-222.16,0.003151,4.42
912,Balance,4498.76,43.92,41.61,-273.88,0.003870,-10.84
913,Balance,4499.82,317.70,41.08,-158.85,0.003336,11.99
914,Balance,4500.17,94.44,40.38,-188.87,0.003706,-0.43
915,Balance,4500.00,-47.38,39.33,-292.65,0.003588,-11.73
916,Balance,4500.87,286.65,39.33,0.00,0.003035,12.00
917,Balance,4501.05,49.46,38.62,-195.11,0.003639,-1.96
918,Balance,4501.05,0.00,37.74,-262.00,0.003359,-10.05
919,Balance,4501.93,291.52,37.57,-56.32,0.003019,12.00
920,Balance,4501.93,0.00,36.86,-184.58,0.003847,-3.01
921,Balance,4502.10,30.23,36.16,-124.49,0.005623,-4.43
922,Balance,4503.33,346.17,35.46,-197.01,0.003553,12.00
923,Balance,4502.98,-98.07,34.93,-148.51,0.003569,-10.87
924,Balance,4503.16,41.67,34.58,-81.02,0.004320,-2.54
925,Balance,4503.69,167.14,34.40,-56.77,0.003171,5.77
926,Balance,4503.16,-170.60,33.52,-283.27,0.003107,-11.36
927,Balance,4503.69,172.98,33.35,-55.48,0.003064,8.31
928,Balance,4504.04,90.14,32.82,-136.50,0.003883,0.16
929,Balance,4503.86,-53.72,32.12,-208.92,0.003350,-9.47
930,Balance,4504.74,243.48,31.77,-96.84,0.003614,12.00
931,Balance,4504.74,0.00,31.24,-163.08,0.003250,-3.56
932,Balance,4504.92,45.33,30.71,-133.47,0.003971,-2.62
933,Balance,4505.80,274.24,30.54,-52.98,0.003209,12.00
934,Balance,4505.62,-59.66,30.01,-175.67,0.003017,-5.13
935,Balance,4505.97,90.02,29.48,-136.31,0.003888,1.81
936,Balance,4506.50,168.23,29.31,-53.96,0.003150,11.90
937,Balance,4506.32,-50.94,28.95,-101.89,0.003533,-4.81
938,Balance,4506.67,114.75,28.60,-114.75,0.003050,5.91
939,Balance,4507.03,107.73,28.60,0.00,0.003342,8.46
940,Balance,4506.67,-89.86,28.25,-87.37,0.004006,-6.76
941,Balance,4507.03,109.77,28.25,0.00,0.003280,8.50
942,Balance,4506.85,-54.40,28.25,0.00,0.003309,3.16
943,Balance,4506.50,-95.33,27.90,-95.33,0.003672,-6.96
944,Balance,4506.67,52.86,28.25,108.82,0.003216,11.83
945,Balance,4506.32,-92.35,28.25,0.00,0.003790,-4.80
946,Balance,4505.97,-106.23,28.25,0.00,0.003295,-5.87
947,Balance,4506.32,104.70,28.60,104.70,0.003343,12.00
948,Balance,4505.62,-161.84,28.60,0.00,0.004325,-7.98
949,Balance,4505.62,0.00,28.60,0.00,0.003157,2.26
950,Balance,4505.80,46.84,29.13,137.93,0.003843,9.97
951,Balance,4505.09,-221.57,28.95,-56.17,0.003204,-11.60
952,Balance,4505.44,94.50,29.13,48.60,0.003704,12.00
953,Balance,4505.27,-50.16,29.31,53.11,0.003389,1.69
954,Balance,4504.74,-135.28,28.95,-91.89,0.003918,-11.60
955,Balance,4505.09,103.05,29.66,209.05,0.003396,11.91
956,Balance,4504.57,-143.01,29.83,46.75,0.003636,-5.57
957,Balance,4504.04,-141.70,29.83,0.00,0.003740,-7.16
958,Balance,4504.39,95.04,30.36,143.92,0.003683,11.99
959,Balance,4503.86,-159.23,30.36,0.00,0.003329,-6.46
960,Balance,4503.86,0.00,30.54,43.12,0.004174,4.48
961,Balance,4504.21,52.36,31.06,77.79,0.006685,10.36
962,Balance,4503.51,-274.11,31.06,0.00,0.002554,-9.12
963,Balance,4504.04,131.54,31.24,44.67,0.004029,12.00
964,Balance,4504.04,0.00,31.42,50.66,0.003553,2.51
965,Balance,4503.33,-202.32,31.24,-51.29,0.003509,-11.04
966,Balance,4503.69,96.25,31.94,187.15,0.003740,12.00
967,Balance,4503.16,-159.94,32.12,54.32,0.003314,-6.54
968,Balance,4502.81,-94.90,32.12,0.00,0.003688,-5.66
969,Balance,4502.98,51.24,32.82,210.98,0.003318,8.02
970,Balance,4502.28,-181.50,33.00,46.67,0.003857,-0.80
971,Balance,4502.46,57.01,33.17,53.84,0.003157,11.99
972,Balance,4502.63,47.69,33.52,98.19,0.003564,10.46
973,Balance,4502.28,-102.54,33.88,105.47,0.003413,-5.06
974,Balance,4502.28,0.00,34.23,92.64,0.003778,5.91
975,Balance,4501.75,-143.33,34.93,189.31,0.003698,-6.34
976,Balance,4500.87,-271.66,35.46,163.61,0.003239,-0.93
977,Balance,4500.70,-48.19,36.16,198.42,0.003528,11.49
978,Balance,4499.82,-229.84,36.69,138.43,0.003829,-9.94
979,Balance,4499.64,-51.26,37.22,150.93,0.003512,9.45
980,Balance,4499.29,-89.68,38.09,222.91,0.003903,8.72
981,Balance,4498.24,-180.00,38.27,30.86,0.005833,-8.33
982,Balance,4497.53,-188.32,40.03,466.83,0.003770,-7.14
983,Balance,4496.66,-236.12,41.26,333.83,0.003685,-7.31
984,Balance,4495.25,-396.30,41.79,148.96,0.003558,-12.00
985,Balance,4494.55,-207.71,42.67,261.12,0.003370,-9.66
986,Balance,4493.84,-180.48,43.37,177.94,0.003934,-8.32
987,Balance,4493.49,-102.62,43.72,102.62,0.003411,-5.47
988,Balance,4493.32,-45.88,44.07,94.45,0.003706,-5.87
989,Balance,4493.49,52.18,44.25,55.25,0.003258,5.89
990,Balance,4493.67,44.95,44.25,0.00,0.004005,5.47
991,Balance,4494.02,102.46,43.90,-102.46,0.003416,-1.95
992,Balance,4494.72,193.95,43.90,0.00,0.003609,9.07
993,Balance,4494.72,0.00,43.72,-37.02,0.004862,-8.31
994,Balance,4494.90,64.02,43.54,-64.02,0.002812,-11.22
995,Balance,4495.25,95.94,43.72,49.34,0.003648,-2.95
996,Balance,4494.72,-144.13,43.54,-48.95,0.003677,-11.86
997,Balance,4495.07,99.69,43.19,-99.69,0.003511,-2.23
998,Balance,4495.42,109.44,43.02,-53.16,0.003198,-0.77
999,Balance,4495.95,132.90,42.31,-178.03,0.003988,-0.14
1000,Balance,4496.83,242.94,41.79,-143.56,0.003622,11.71
1001,Balance,4497.53,72.52,41.08,-73.56,0.009652,-3.60
1002,Balance,4499.82,718.18,39.33,-548.83,0.003189,12.00
1003,Balance,4500.52,198.50,38.97,-102.09,0.003526,10.69
1004,Balance,4500.70,45.71,38.27,-177.78,0.003937,-1.81
1005,Balance,4501.58,252.50,38.09,-51.65,0.003485,11.99
1006,Balance,4501.58,0.00,37.92,-48.09,0.003535,-8.06
1007,Balance,4501.58,0.00,37.74,-54.46,0.003305,-3.05
1008,Balance,4501.75,47.22,37.92,50.00,0.003600,10.89
1009,Balance,4501.40,-99.04,37.74,-50.94,0.003534,-9.86
1010,Balance,4501.58,58.55,37.74,0.00,0.003074,-0.00
1011,Balance,4501.75,46.16,37.92,48.88,0.003683,-0.53
1012,Balance,4501.40,-99.96,37.57,-99.96,0.003501,-9.20
1013,Balance,4501.75,103.86,37.74,50.45,0.003370,11.99
1014,Balance,4501.93,49.36,37.57,-46.62,0.003647,0.23
1015,Balance,4501.93,0.00,37.22,-104.60,0.003346,-3.63
1016,Balance,4502.63,183.48,37.57,91.74,0.003815,12.00
1017,Balance,4502.63,0.00,37.22,-104.25,0.003357,-3.10
1018,Balance,4502.63,0.00,37.22,0.00,0.003222,-3.10
1019,Balance,4502.98,95.18,37.39,46.23,0.003677,11.99
1020,Balance,4502.81,-45.96,37.39,0.00,0.003699,-0.08
1021,Balance,4502.81,0.00,37.39,0.00,0.007536,4.10
1022,Balance,4502.81,0.00,38.09,221.67,0.003158,3.29
1023,Balance,4502.28,-130.37,38.45,88.55,0.004065,-8.58
1024,Balance,4501.93,-135.06,38.97,200.67,0.002591,-3.24
1025,Balance,4501.40,-156.58,39.50,156.58,0.003385,-4.62
1026,Balance,4500.52,-241.68,39.85,96.12,0.003641,-10.25
1027,Balance,4500.35,-51.29,40.38,159.89,0.003315,5.18
1028,Balance,4500.17,-45.72,40.56,45.72,0.003937,4.69
1029,Balance,4500.00,-51.93,40.73,51.93,0.003274,-0.59
1030,Balance,4500.17,45.59,40.91,48.28,0.003729,-3.59
1031,Balance,4500.17,0.00,41.26,100.27,0.003491,11.56
1032,Balance,4500.00,-49.99,41.43,49.99,0.003401,1.67
1033,Balance,4499.82,-47.07,41.43,0.00,0.003824,1.08
1034,Balance,4500.00,56.79,41.96,167.22,0.003170,11.75
1035,Balance,4499.47,-154.41,42.31,101.97,0.003433,-9.14
1036,Balance,4499.29,-49.43,42.67,98.85,0.003642,-2.32
1037,Balance,4499.12,-44.92,43.19,137.41,0.003784,4.95
1038,Balance,4498.06,-305.61,43.37,51.90,0.003469,-11.98
1039,Balance,4497.89,-47.67,43.90,148.60,0.003567,-0.90
1040,Balance,4497.71,-54.63,44.42,157.81,0.003295,6.56
1041,Balance,4497.18,-75.81,44.42,0.00,0.006991,-11.79
1042,Balance,4497.18,0.00,44.95,166.73,0.003179,5.62
1043,Balance,4497.18,0.00,45.30,111.08,0.003151,5.72
1044,Balance,4496.66,-142.54,45.13,-46.60,0.003648,-11.67
1045,Balance,4497.01,104.39,45.48,104.39,0.003353,11.99
1046,Balance,4496.66,-106.17,45.83,106.17,0.003297,-6.80
1047,Balance,4496.30,-92.97,45.48,-90.39,0.003872,-11.47
1048,Balance,4496.66,105.20,46.36,257.16,0.003422,11.97
1049,Balance,4495.95,-221.43,46.36,0.00,0.003206,-9.15
1050,Balance,4495.95,0.00,46.36,0.00,0.003382,11.92
1051,Balance,4496.30,99.56,46.88,147.92,0.003515,12.00
1052,Balance,4495.78,-170.99,46.71,-55.90,0.003041,-10.00
1053,Balance,4496.30,128.71,47.24,131.18,0.004040,12.00
1054,Balance,4495.95,-101.03,47.59,101.03,0.003464,-6.36
1055,Balance,4495.07,-249.02,47.41,-50.94,0.003534,-11.93
1056,Balance,4495.25,45.66,48.29,223.24,0.003942,7.65
1057,Balance,4494.37,-284.21,48.47,58.13,0.003096,-12.00
1058,Balance,4494.02,-105.87,48.64,51.42,0.003306,-7.37
1059,Balance,4494.19,46.09,48.99,94.89,0.003689,-9.60
1060,Balance,4493.67,-136.98,48.82,-44.78,0.003796,-11.93
1061,Balance,4493.84,15.63,48.99,15.63,0.010879,1.62
1062,Balance,4494.90,296.73,47.59,-391.91,0.003572,12.00
1063,Balance,4495.78,214.48,46.71,-214.48,0.004103,7.49
1064,Balance,4497.18,399.57,45.83,-251.16,0.003504,12.00
1065,Balance,4498.41,335.15,45.13,-190.74,0.003670,12.00
1066,Balance,4498.94,136.43,44.60,-136.43,0.003885,3.06
1067,Balance,4499.47,127.52,44.07,-127.52,0.004156,2.50
1068,Balance,4499.47,0.00,43.90,-54.53,0.003118,-4.97
1069,Balance,4499.29,-51.89,43.90,0.00,0.003469,-7.45
1070,Balance,4498.94,-80.47,44.07,39.08,0.004350,-6.25
1071,Balance,4498.59,-102.90,44.07,0.00,0.003401,-7.62
1072,Balance,4498.59,0.00,44.07,0.00,0.003543,0.06
1073,Balance,4498.59,0.00,43.90,-49.59,0.003428,-3.41
1074,Balance,4498.94,84.54,43.54,-86.95,0.004140,5.11
1075,Balance,4499.47,154.89,43.19,-102.29,0.003422,10.55
1076,Balance,4499.82,97.15,42.67,-144.34,0.003603,2.77
1077,Balance,4500.52,211.38,42.31,-108.71,0.003312,11.44
1078,Balance,4500.87,93.60,42.14,-45.46,0.003739,2.43
1079,Balance,4500.87,0.00,41.96,-48.09,0.003743,-3.18
1080,Balance,4501.05,40.33,41.96,0.00,0.004464,1.16
1081,Balance,4500.70,-44.13,41.96,0.00,0.007931,-4.26
1082,Balance,4500.17,-140.87,42.31,93.03,0.003762,-8.97
1083,Balance,4500.17,0.00,42.31,0.00,0.003265,2.81
1084,Balance,4500.00,-51.50,42.14,-51.50,0.003301,-4.89
1085,Balance,4500.00,0.00,41.96,-50.39,0.003572,-2.69
1086,Balance,4500.52,131.49,41.79,-42.99,0.003955,8.95
1087,Balance,4500.70,56.89,41.43,-113.78,0.003164,1.99
1088,Balance,4501.05,103.56,41.08,-103.56,0.003380,5.41
1089,Balance,4501.58,146.92,41.08,0.00,0.003608,11.68
1090,Balance,4501.58,0.00,40.73,-100.80,0.003472,-2.51
1091,Balance,4501.75,50.92,40.73,0.00,0.003339,1.12
1092,Balance,4501.75,0.00,40.91,46.31,0.003887,7.32
1093,Balance,4501.40,-96.52,40.91,0.00,0.003626,-5.63
1094,Balance,4501.23,-44.66,41.08,44.66,0.003806,-2.11
1095,Balance,4501.23,0.00,41.26,58.75,0.003064,2.93
1096,Balance,4500.52,-212.24,41.43,50.82,0.003345,-10.81
1097,Balance,4500.70,60.72,41.61,60.72,0.002964,7.82
1098,Balance,4500.52,-44.79,41.79,44.79,0.004019,-3.04
1099,Balance,4500.17,-83.34,41.43,-85.72,0.004200,-10.41
1100,Balance,4500.70,177.23,41.79,120.38,0.002990,12.00
1101,Balance,4500.17,-57.18,41.61,-19.42,0.009269,-8.49
1102,Balance,4501.05,258.98,40.73,-258.98,0.003398,12.00
1103,Balance,4501.93,259.09,40.91,53.00,0.003397,11.98
1104,Balance,4501.93,0.00,40.03,-246.62,0.003568,-2.31
1105,Balance,4502.98,268.49,40.03,0.00,0.003911,12.00
1106,Balance,4502.98,0.00,39.85,-51.84,0.003472,-1.89
1107,Balance,4502.98,0.00,39.68,-57.41,0.002961,8.73
1108,Balance,4503.16,50.75,39.85,47.93,0.003547,11.97
1109,Balance,4502.81,-92.03,39.85,0.00,0.003803,-1.88
1110,Balance,4502.81,0.00,40.20,96.62,0.003623,7.83
1111,Balance,4502.46,-106.28,40.56,109.32,0.003293,-4.21
1112,Balance,4501.93,-149.86,41.08,147.03,0.003537,-7.63
1113,Balance,4501.40,-168.57,41.61,168.57,0.003144,0.62
1114,Balance,4500.70,-193.55,42.14,146.55,0.003617,-8.75
1115,Balance,4500.17,-135.42,42.49,89.43,0.003914,-6.10
1116,Balance,4500.00,-52.06,43.02,162.30,0.003266,6.83
1117,Balance,4499.47,-152.85,43.19,49.03,0.003468,-7.99
1118,Balance,4499.47,0.00,43.19,0.00,0.004061,6.66
1119,Balance,4499.64,51.28,43.54,105.58,0.003315,11.02
1120,Balance,4499.29,-93.62,43.37,-45.47,0.003739,-10.31
1121,Balance,4499.64,36.46,43.72,36.46,0.009599,11.72
1122,Balance,4498.59,-307.61,45.13,413.07,0.003413,-11.96
1123,Balance,4497.53,-294.42,45.13,0.00,0.003600,-11.98
1124,Balance,4497.36,-41.65,46.36,301.36,0.004081,12.00
1125,Balance,4496.13,-449.19,46.36,0.00,0.002738,-12.00
1126,Balance,4495.78,-89.73,46.88,133.32,0.003901,-3.62
1127,Balance,4495.78,0.00,47.76,238.65,0.003687,12.00
1128,Balance,4494.90,-225.51,47.59,-43.57,0.003902,-11.97
1129,Balance,4494.90,0.00,48.11,154.65,0.003362,5.96
1130,Balance,4494.90,0.00,48.64,137.27,0.003861,7.32
1131,Balance,4494.02,-256.39,48.47,-49.53,0.003432,-11.94
1132,Balance,4494.19,54.04,48.99,165.29,0.003146,9.90
1133,Balance,4493.84,-89.45,49.34,89.45,0.003913,-7.84
1134,Balance,4492.96,-247.43,49.34,0.00,0.003556,-11.99
1135,Balance,4493.32,108.79,50.05,214.55,0.003309,12.00
1136,Balance,4492.44,-240.55,50.22,46.47,0.003658,-12.00
1137,Balance,4492.26,-53.08,50.22,0.00,0.003391,-5.43
1138,Balance,4492.61,95.57,50.93,193.86,0.003662,11.99
1139,Balance,4491.91,-188.69,50.40,-142.87,0.003710,-11.91
1140,Balance,4492.08,49.32,50.58,52.22,0.003447,11.88
1141,Balance,4492.26,28.72,50.93,55.85,0.006267,1.90
1142,Balance,4491.91,-96.62,50.22,-196.01,0.003622,-11.70
1143,Balance,4492.61,190.34,50.58,97.89,0.003678,12.00
1144,Balance,4492.26,-105.45,50.40,-54.23,0.003319,-9.24
1145,Balance,4491.91,-93.47,49.87,-141.54,0.003745,-11.70
1146,Balance,4492.61,216.87,50.22,108.44,0.003228,12.00
1147,Balance,4492.08,-135.29,49.70,-132.74,0.003917,-11.83
1148,Balance,4492.26,55.74,49.34,-111.48,0.003229,-10.13
1149,Balance,4492.96,203.42,49.52,52.31,0.003441,8.10
1150,Balance,4492.61,-100.27,48.64,-252.12,0.003490,-11.76
1151,Balance,4492.96,84.27,48.29,-84.27,0.004153,-9.84
1152,Balance,4493.84,299.96,47.94,-119.30,0.002934,10.42
1153,Balance,4493.67,-46.87,46.88,-292.23,0.003627,-11.78
1154,Balance,4494.37,219.99,46.18,-219.99,0.003182,4.74
1155,Balance,4495.42,266.36,45.83,-88.79,0.003942,11.95
1156,Balance,4495.42,0.00,44.42,-469.06,0.003006,-11.55
1157,Balance,4496.48,276.30,43.90,-135.54,0.003836,11.95
1158,Balance,4497.18,204.76,43.37,-155.03,0.003419,7.46
1159,Balance,4497.18,0.00,42.14,-382.66,0.003214,-11.22
1160,Balance,4498.06,226.71,41.96,-46.37,0.003882,11.61
1161,Balance,4498.41,53.79,41.43,-81.45,0.006507,-3.03
1162,Balance,4498.41,0.00,39.85,-502.69,0.003143,-11.48
1163,Balance,4499.47,273.31,39.68,-43.83,0.003878,12.00
1164,Balance,4499.47,0.00,38.80,-274.71,0.003203,-11.55
1165,Balance,4500.00,157.56,37.92,-261.61,0.003364,3.44
1166,Balance,4501.05,284.74,37.74,-48.81,0.003688,12.00
1167,Balance,4500.87,-54.96,36.51,-375.55,0.003275,-9.17
1168,Balance,4501.93,281.32,35.81,-185.78,0.003768,12.00
1169,Balance,4502.63,186.34,35.28,-141.09,0.003757,10.99
1170,Balance,4502.63,0.00,34.23,-322.14,0.003259,-10.76
1171,Balance,4503.51,214.58,34.05,-43.89,0.004101,12.00
1172,Balance,4503.69,59.70,33.52,-175.77,0.003015,-2.36
1173,Balance,4503.33,-102.82,32.82,-199.93,0.003501,-11.10
1174,Balance,4503.86,143.21,32.82,0.00,0.003701,5.55
1175,Balance,4503.69,-49.70,32.47,-102.32,0.003421,-9.42
1176,Balance,4503.69,0.00,31.94,-161.92,0.003273,-3.36
1177,Balance,4504.21,157.03,31.59,-105.70,0.003311,6.79
1178,Balance,4504.21,0.00,31.06,-136.61,0.003880,-6.36
1179,Balance,4504.74,166.24,30.54,-163.10,0.003188,8.06
1180,Balance,4505.44,177.25,30.01,-134.21,0.003949,11.95
1181,Balance,4505.62,47.95,29.31,-186.46,0.003754,-2.49
1182,Balance,4506.32,192.93,28.78,-146.08,0.003628,12.00
1183,Balance,4506.67,99.15,28.60,-50.99,0.003530,3.69
1184,Balance,4506.50,-57.07,28.25,-117.50,0.002979,5.87
1185,Balance,4506.85,109.57,28.25,0.00,0.003194,12.00
1186,Balance,4506.67,-44.26,28.08,-41.80,0.004067,-4.17
1187,Balance,4506.50,-49.43,28.08,0.00,0.003439,-4.75
1188,Balance,4506.15,-95.24,28.43,95.24,0.003675,-5.27
1189,Balance,4505.44,-214.74,28.60,51.42,0.003306,-9.33
1190,Balance,4505.09,-102.56,28.78,52.75,0.003412,-6.41
1191,Balance,4504.92,-47.14,28.78,0.00,0.003607,-3.68
1192,Balance,4504.92,0.00,28.78,0.00,0.003537,1.10
1193,Balance,4505.09,45.71,28.60,-48.40,0.003719,1.07
1194,Balance,4505.44,115.86,28.25,-115.86,0.003021,7.32
1195,Balance,4505.80,92.91,27.90,-90.33,0.003875,5.43
1196,Balance,4506.15,93.13,27.55,-93.13,0.003758,3.91
1197,Balance,4506.67,150.24,27.37,-52.01,0.003461,11.55
1198,Balance,4506.85,55.58,27.20,-52.49,0.003238,1.31
1199,Balance,4506.85,0.00,27.20,0.00,0.003722,-2.03
1200,Balance,4506.85,0.00,27.20,0.00,0.003805,-1.33
1201,Balance,4506.50,-46.25,27.37,22.46,0.007567,12.00
1202,Balance,4506.15,-116.13,27.72,116.13,0.003014,-5.78
1203,Balance,4506.15,0.00,27.72,0.00,0.003842,5.24
1204,Balance,4506.32,46.91,28.25,146.24,0.003624,11.50
1205,Balance,4505.62,-235.56,28.25,0.00,0.002972,-8.79
1206,Balance,4505.97,80.44,28.60,80.44,0.004351,11.99
1207,Balance,4505.62,-142.87,29.13,216.35,0.002450,-6.49
1208,Balance,4504.92,-187.63,29.13,0.00,0.003731,-8.00
1209,Balance,4504.92,0.00,30.01,231.67,0.003798,7.72
1210,Balance,4504.04,-283.01,30.18,54.67,0.003109,-2.10
1211,Balance,4503.86,-49.17,30.71,144.77,0.003661,7.97
1212,Balance,4503.86,0.00,31.24,134.38,0.003944,9.47
1213,Balance,4503.33,-162.49,31.59,107.30,0.003262,-6.43
1214,Balance,4503.33,0.00,32.12,165.71,0.003198,8.09
1215,Balance,4502.81,-172.02,32.65,175.33,0.003023,-5.33
1216,Balance,4501.93,-239.72,33.17,141.65,0.003671,-9.32
1217,Balance,4501.93,0.00,34.05,265.67,0.003312,11.99
1218,Balance,4500.87,-267.83,34.40,88.43,0.003958,-11.19
1219,Balance,4500.52,-100.47,34.93,152.13,0.003484,0.06
1220,Balance,4500.70,54.65,35.99,321.84,0.003294,-0.48
1221,Balance,4499.82,-133.48,35.99,0.00,0.006593,-5.33
1222,Balance,4499.47,-103.85,36.86,258.14,0.003370,-5.76
1223,Balance,4499.29,-53.41,37.39,157.26,0.003370,1.61
1224,Balance,4498.76,-140.80,37.57,47.82,0.003764,-7.30
1225,Balance,4498.94,49.54,37.92,96.32,0.003634,9.59
1226,Balance,4498.94,0.00,38.27,97.76,0.003580,6.20
1227,Balance,4498.76,-55.12,38.27,0.00,0.003266,-0.83
1228,Balance,4499.47,189.62,38.62,93.47,0.003744,12.00
1229,Balance,4499.12,-92.62,38.97,92.62,0.003779,-4.48
1230,Balance,4498.94,-53.04,39.33,106.07,0.003394,-3.39
1231,Balance,4498.76,-48.78,39.85,140.93,0.003690,-3.46
1232,Balance,4498.06,-191.91,40.20,95.95,0.003648,2.93
1233,Balance,4497.89,-52.74,40.73,164.41,0.003224,5.89
1234,Balance,4497.53,-93.21,41.08,90.62,0.003862,-4.73
1235,Balance,4497.53,0.00,41.61,167.15,0.003171,6.86
1236,Balance,4497.18,-89.71,41.96,89.71,0.003901,-5.99
1237,Balance,4496.66,-150.48,42.49,153.37,0.003456,-8.27
1238,Balance,4496.66,0.00,43.02,140.19,0.003781,7.61
1239,Balance,4495.95,-217.75,43.37,107.34,0.003261,-11.17
1240,Balance,4495.78,-43.58,43.72,89.73,0.003901,-4.78
1241,Balance,4495.95,51.27,44.07,105.55,0.003316,10.26
1242,Balance,4495.42,-156.55,44.07,0.00,0.003386,-11.89
1243,Balance,4495.60,49.05,44.25,49.05,0.003670,11.86
1244,Balance,4495.78,57.86,44.60,112.51,0.003111,11.07
1245,Balance,4495.25,-141.67,44.25,-93.56,0.003741,-11.78
1246,Balance,4495.78,142.65,44.95,188.41,0.003715,12.00
1247,Balance,4495.60,-60.13,45.30,116.93,0.002993,-3.01
1248,Balance,4494.72,-218.41,45.13,-42.19,0.004029,-11.94
1249,Balance,4494.90,53.43,46.18,311.66,0.003369,12.00
1250,Balance,4494.19,-192.28,46.53,94.78,0.003693,-9.97
1251,Balance,4493.84,-98.25,46.71,50.53,0.003562,-7.00
1252,Balance,4494.02,49.71,47.41,193.31,0.003621,9.31
1253,Balance,4493.14,-236.22,47.41,0.00,0.003725,-11.97
1254,Balance,4493.14,0.00,47.76,112.02,0.003124,-3.80
1255,Balance,4493.32,45.75,48.11,88.95,0.003935,2.40
1256,Balance,4492.79,-125.02,47.76,-82.56,0.004239,-11.89
1257,Balance,4492.96,60.78,47.94,64.35,0.002797,8.72
1258,Balance,4493.14,46.16,47.94,0.00,0.003899,1.83
1259,Balance,4493.14,0.00,47.59,-105.74,0.003310,-9.63
1260,Balance,4493.84,186.65,47.59,0.00,0.003750,10.05
1261,Balance,4493.67,-25.11,47.59,0.00,0.006769,-9.86
1262,Balance,4493.84,49.02,46.71,-253.75,0.003468,-9.39
1263,Balance,4494.90,266.69,46.88,42.77,0.003975,12.00
1264,Balance,4494.72,-53.11,46.18,-206.54,0.003389,-11.86
1265,Balance,4495.25,155.19,45.65,-155.19,0.003415,0.30
1266,Balance,4496.30,300.10,45.48,-48.59,0.003499,11.76
1267,Balance,4496.13,-49.93,44.42,-311.34,0.003405,-11.71
1268,Balance,4497.18,300.76,44.07,-100.25,0.003491,11.99
1269,Balance,4497.53,101.86,43.72,-101.86,0.003436,-0.43
1270,Balance,4497.71,43.48,42.67,-253.61,0.004140,-11.18
1271,Balance,4498.76,312.81,42.67,0.00,0.003357,11.98
1272,Balance,4498.76,0.00,42.14,-167.61,0.003162,-11.21
1273,Balance,4498.94,47.68,41.43,-188.06,0.003775,-7.68
1274,Balance,4499.82,261.74,41.43,0.00,0.003362,11.95
1275,Balance,4499.82,0.00,40.38,-338.12,0.003105,-10.37
1276,Balance,4500.52,187.96,39.85,-142.32,0.003724,7.64
1277,Balance,4501.58,272.79,39.68,-43.75,0.003886,12.00
1278,Balance,4501.58,0.00,38.62,-354.37,0.002991,-10.98
1279,Balance,4502.63,264.01,38.27,-88.00,0.003977,12.00
1280,Balance,4503.16,135.58,37.92,-89.53,0.003909,4.15
1281,Balance,4502.98,-17.87,37.04,-87.38,0.010071,-9.27
1282,Balance,4504.04,331.34,37.04,0.00,0.003199,-8.53
1283,Balance,4503.51,-163.95,37.04,0.00,0.003233,-7.95
1284,Balance,4502.98,-151.88,37.04,0.00,0.003489,-8.40
1285,Balance,4502.98,0.00,36.86,-52.45,0.003432,-2.70
1286,Balance,4503.16,59.59,36.86,0.00,0.003021,1.69
1287,Balance,4503.51,93.83,36.51,-93.83,0.003730,5.35
1288,Balance,4504.04,132.21,36.16,-87.31,0.004009,11.90
1289,Balance,4504.74,213.09,35.63,-161.34,0.003285,12.00
1290,Balance,4505.27,149.70,35.28,-98.86,0.003541,9.72
1291,Balance,4505.62,105.11,35.11,-51.05,0.003330,4.53
1292,Balance,4505.80,43.93,35.11,0.00,0.004097,0.64
1293,Balance,4505.62,-56.48,35.46,109.83,0.003187,4.52
1294,Balance,4505.27,-85.80,35.63,41.68,0.004079,-2.71
1295,Balance,4504.74,-160.34,35.99,108.91,0.003305,-7.07
1296,Balance,4504.39,-97.51,36.51,144.87,0.003589,5.30
1297,Balance,4503.69,-198.49,36.86,99.24,0.003527,-7.60
1298,Balance,4503.33,-112.87,37.22,112.87,0.003190,-0.40
1299,Balance,4503.33,0.00,37.57,91.77,0.003814,9.76
1300,Balance,4502.98,-85.82,37.74,41.69,0.004078,-2.00
1301,Balance,4503.16,20.63,38.09,40.12,0.008725,9.82
1302,Balance,4502.46,-223.15,39.33,395.30,0.003137,-8.73
1303,Balance,4501.58,-231.28,39.85,136.67,0.003805,-9.75
1304,Balance,4501.23,-107.72,40.73,270.84,0.003249,9.59
1305,Balance,4500.00,-315.75,41.08,89.85,0.003896,-11.98
1306,Balance,4499.64,-116.04,41.79,228.86,0.003102,-4.69
1307,Balance,4499.64,0.00,42.49,187.13,0.003741,11.97
1308,Balance,4498.76,-221.40,42.67,45.29,0.003975,-10.60
1309,Balance,4498.76,0.00,43.02,105.71,0.003311,8.12
1310,Balance,4498.94,53.36,43.72,207.52,0.003373,12.00
1311,Balance,4498.24,-176.84,43.72,0.00,0.003958,-5.38
1312,Balance,4498.41,53.44,44.42,220.06,0.003181,11.99
1313,Balance,4498.06,-99.07,44.95,150.02,0.003533,-4.61
1314,Balance,4497.18,-225.56,45.48,135.85,0.003901,-10.43
1315,Balance,4497.01,-52.78,46.36,273.20,0.003221,12.00
1316,Balance,4495.95,-333.91,46.88,163.80,0.003175,-12.00
1317,Balance,4495.42,-135.46,47.41,135.46,0.003913,-8.89
1318,Balance,4495.42,0.00,48.29,239.22,0.003679,12.00
1319,Balance,4494.37,-312.92,48.47,53.64,0.003356,-12.00
1320,Balance,4494.19,-48.50,48.82,94.30,0.003712,1.78
