Time(s),Motor_Angle(deg),Motor_Angle(rad),Pendulum_Angle(deg),Pendulum_Angle(rad),Pendulum_Angle_From_Upright(deg),Motor_Velocity(rad/s),Pendulum_Velocity(rad/s),Motor_Voltage(V),Controller_Mode,Motor_RPM
0.093,-32.040,-0.559,-359.120,-6.268,179.120,0.000,0.000,0.000,Energy,0.0
0.176,-32.040,-0.559,-359.120,-6.268,179.120,0.000,0.000,0.000,Energy,0.0
0.253,-32.040,-0.559,-359.120,-6.268,179.120,0.000,0.000,0.000,Energy,0.0
0.329,-32.040,-0.559,-359.120,-6.268,179.120,0.000,0.000,0.000,Energy,0.0
0.411,-32.040,-0.559,-359.120,-6.268,179.120,0.000,0.000,0.000,Energy,0.0
0.542,-32.040,-0.559,-359.120,-6.268,179.120,0.000,0.000,0.000,Energy,0.0
0.629,-32.040,-0.559,-359.120,-6.268,179.120,0.000,0.000,0.000,Energy,0.0
0.701,-32.040,-0.559,-359.120,-6.268,179.120,0.000,0.000,0.000,Energy,0.0
0.765,-32.040,-0.559,-359.120,-6.268,179.120,0.000,0.000,0.000,Energy,0.0
0.838,-32.040,-0.559,-359.120,-6.268,179.120,0.000,0.000,0.000,Energy,0.0
0.909,-32.040,-0.559,-359.120,-6.268,179.120,0.000,0.000,0.000,Energy,0.0
0.982,-32.040,-0.559,-359.120,-6.268,179.120,0.000,0.000,0.000,Energy,0.0
1.056,-32.040,-0.559,-359.120,-6.268,179.120,0.000,0.000,0.000,Energy,0.0
1.130,-32.040,-0.559,-359.120,-6.268,179.120,0.000,0.000,0.000,Energy,0.0
1.206,-32.040,-0.559,-359.120,-6.268,179.120,0.000,0.000,0.000,Energy,0.0
1.276,-32.040,-0.559,-359.120,-6.268,179.120,0.000,0.000,0.000,Energy,0.0
1.344,-32.040,-0.559,-359.120,-6.268,179.120,0.000,0.000,0.000,Energy,0.0
1.410,-32.040,-0.559,-359.120,-6.268,179.120,0.000,0.000,0.000,Energy,0.0
1.485,-32.040,-0.559,-359.290,-6.271,179.290,0.000,0.000,-0.007,Energy,0.0
1.573,-32.040,-0.559,-359.290,-6.271,179.290,0.000,0.000,0.000,Energy,0.0
1.643,-32.040,-0.559,-359.290,-6.271,179.290,0.000,0.000,0.000,Energy,0.0
1.712,-32.040,-0.559,-359.290,-6.271,179.290,0.000,0.000,0.000,Energy,0.0
1.777,-32.040,-0.559,-359.120,-6.268,179.120,0.000,0.000,0.000,Energy,0.0
1.846,-32.040,-0.559,-359.120,-6.268,179.120,0.000,0.000,0.000,Energy,0.0
1.912,-32.040,-0.559,-359.120,-6.268,179.120,0.000,0.000,0.000,Energy,0.0
1.976,-32.040,-0.559,-359.120,-6.268,179.120,0.000,0.000,0.000,Energy,0.0
2.053,-32.040,-0.559,-359.290,-6.271,179.290,0.000,0.000,0.000,Energy,0.0
2.127,-32.040,-0.559,-359.290,-6.271,179.290,0.000,0.000,0.000,Energy,0.0
2.193,-32.040,-0.559,-359.120,-6.268,179.120,0.000,0.000,0.000,Energy,0.0
2.257,-32.040,-0.559,-359.120,-6.268,179.120,0.000,0.000,0.000,Energy,0.0
2.325,-32.040,-0.559,-359.120,-6.268,179.120,0.000,0.000,0.000,Energy,0.0
2.403,-32.040,-0.559,-359.120,-6.268,179.120,0.000,0.000,0.000,Energy,0.0
2.478,-32.040,-0.559,-359.120,-6.268,179.120,0.000,0.000,0.000,Energy,0.0
2.556,-32.040,-0.559,-359.120,-6.268,179.120,0.000,0.000,0.000,Energy,0.0
2.630,-32.040,-0.559,-359.290,-6.271,179.290,0.000,0.000,0.000,Energy,0.0
2.695,-32.040,-0.559,-359.290,-6.271,179.290,0.000,0.000,0.000,Energy,0.0
2.764,-32.040,-0.559,-359.290,-6.271,179.290,0.000,0.000,0.000,Energy,0.0
2.829,-32.040,-0.559,-359.290,-6.271,179.290,0.000,0.000,0.000,Energy,0.0
2.897,-32.040,-0.559,-359.290,-6.271,179.290,0.000,0.000,0.000,Energy,0.0
2.964,-32.040,-0.559,-359.290,-6.271,179.290,0.000,0.000,0.000,Energy,0.0
3.030,-32.040,-0.559,-359.290,-6.271,179.290,0.000,0.000,0.000,Energy,0.0
3.099,-32.040,-0.559,-359.290,-6.271,179.290,0.000,0.000,0.000,Energy,0.0
3.165,-32.040,-0.559,-359.290,-6.271,179.290,0.000,0.000,0.000,Energy,0.0
3.231,-32.040,-0.559,-359.290,-6.271,179.290,0.000,0.000,0.000,Energy,0.0
3.300,-32.040,-0.559,-359.290,-6.271,179.290,0.000,0.000,0.000,Energy,0.0
3.365,-32.040,-0.559,-359.120,-6.268,179.120,0.000,0.000,0.000,Energy,0.0
3.433,-32.040,-0.559,-359.120,-6.268,179.120,0.000,0.000,0.000,Energy,0.0
3.500,-32.040,-0.559,-359.120,-6.268,179.120,0.000,0.000,0.000,Energy,0.0
3.576,-32.040,-0.559,-359.290,-6.271,179.290,0.000,0.000,0.000,Energy,0.0
3.645,-32.040,-0.559,-359.290,-6.271,179.290,0.000,0.000,0.000,Energy,0.0
3.711,-32.040,-0.559,-359.120,-6.268,179.120,0.000,0.000,0.000,Energy,0.0
3.777,-32.040,-0.559,-359.120,-6.268,179.120,0.000,0.000,0.000,Energy,0.0
3.846,-32.040,-0.559,-359.120,-6.268,179.120,0.000,0.000,0.000,Energy,0.0
3.913,-32.040,-0.559,-359.120,-6.268,179.120,0.000,0.000,0.000,Energy,0.0
3.979,-32.040,-0.559,-359.120,-6.268,179.120,0.000,0.000,0.000,Energy,0.0
4.048,-32.040,-0.559,-359.120,-6.268,179.120,0.000,0.000,0.000,Energy,0.0
4.122,-32.040,-0.559,-359.290,-6.271,179.290,0.000,0.000,0.000,Energy,0.0
4.191,-32.040,-0.559,-359.120,-6.268,179.120,0.000,0.000,0.007,Energy,0.0
4.257,-32.040,-0.559,-359.120,-6.268,179.120,0.000,0.000,0.000,Energy,0.0
4.325,-32.040,-0.559,-359.120,-6.268,179.120,0.000,0.000,0.000,Energy,0.0
4.392,-32.040,-0.559,-359.120,-6.268,179.120,0.000,0.000,0.000,Energy,0.0
4.458,-32.040,-0.559,-359.120,-6.268,179.120,0.000,0.000,0.000,Energy,0.0
4.534,-32.040,-0.559,-359.120,-6.268,179.120,0.000,0.000,0.000,Energy,0.0
4.603,-32.040,-0.559,-359.290,-6.271,179.290,0.000,0.000,-0.007,Energy,0.0
4.676,-32.040,-0.559,-359.290,-6.271,179.290,0.000,0.000,0.000,Energy,0.0
4.740,-32.040,-0.559,-359.120,-6.268,179.120,0.000,0.000,0.007,Energy,0.0
4.803,-32.040,-0.559,-359.120,-6.268,179.120,0.000,0.000,0.000,Energy,0.0
4.871,-32.040,-0.559,-359.120,-6.268,179.120,0.000,0.000,0.000,Energy,0.0
4.935,-32.040,-0.559,-359.120,-6.268,179.120,0.000,0.000,0.000,Energy,0.0
5.001,-32.040,-0.559,-359.120,-6.268,179.120,0.000,0.000,0.000,Energy,0.0
5.067,-32.040,-0.559,-359.120,-6.268,179.120,0.000,0.000,0.000,Energy,0.0
5.135,-32.040,-0.559,-359.120,-6.268,179.120,0.000,0.000,0.000,Energy,0.0
5.200,-32.040,-0.559,-359.120,-6.268,179.120,0.000,0.000,0.000,Energy,0.0
5.267,-32.040,-0.559,-359.120,-6.268,179.120,0.000,0.000,0.000,Energy,0.0
5.333,-32.040,-0.559,-359.120,-6.268,179.120,0.000,0.000,0.000,Energy,0.0
5.403,-32.040,-0.559,-359.120,-6.268,179.120,0.000,0.000,-2.000,Bang-Bang,0.0
5.481,-36.610,-0.639,-363.330,-6.341,176.670,0.000,0.000,2.000,Bang-Bang,-7.0
5.578,-23.430,-0.409,-347.690,-6.068,167.690,0.000,0.000,2.000,Bang-Bang,20.0
5.649,-14.820,-0.259,-343.300,-5.992,163.300,0.000,0.000,2.000,Bang-Bang,23.0
5.719,-4.270,-0.075,-345.760,-6.035,165.760,0.000,0.000,-2.000,Bang-Bang,22.0
5.790,-7.610,-0.133,-368.080,-6.424,171.920,0.000,0.000,-2.000,Bang-Bang,-25.0
5.864,-19.910,-0.347,-396.730,-6.924,143.270,0.000,0.000,-2.000,Bang-Bang,-22.0
5.932,-28.000,-0.489,-400.250,-6.986,139.750,0.000,0.000,2.000,Bang-Bang,-19.0
6.003,-28.880,-0.504,-377.220,-6.584,162.780,0.000,0.000,2.000,Bang-Bang,19.0
6.078,-10.070,-0.176,-323.780,-5.651,143.780,0.000,0.000,2.000,Bang-Bang,30.0
6.145,-3.210,-0.056,-301.460,-5.261,121.460,0.000,0.000,2.000,Bang-Bang,12.0
6.215,0.830,0.014,-306.730,-5.353,126.730,0.000,0.000,-2.000,Bang-Bang,8.0
6.290,-9.720,-0.170,-349.100,-6.093,169.100,0.000,0.000,-2.000,Bang-Bang,-66.0
6.369,-37.840,-0.660,-418.000,-7.295,122.000,0.000,0.000,2.000,Bang-Bang,-28.0
6.438,-41.360,-0.722,-434.700,-7.587,105.300,0.000,0.000,-2.000,Bang-Bang,4.0
6.526,-32.040,-0.559,-408.860,-7.136,131.140,0.000,0.000,2.000,Bang-Bang,38.0
6.603,10.500,0.183,-332.920,-5.811,152.920,0.000,0.000,2.000,Bang-Bang,94.0
6.677,34.400,0.600,-283.180,-4.942,103.180,0.000,0.000,-2.000,Bang-Bang,34.0
6.750,45.300,0.791,-273.690,-4.777,93.690,0.000,0.000,-2.000,Bang-Bang,15.0
6.824,44.250,0.772,-303.390,-5.295,123.390,0.000,0.000,-2.000,Bang-Bang,-21.0
6.895,8.390,0.146,-380.210,-6.636,159.790,0.000,0.000,-2.000,Bang-Bang,-108.0
6.971,-15.690,-0.274,-442.610,-7.725,97.390,0.000,0.000,-2.000,Bang-Bang,-31.0
7.040,-29.410,-0.513,-466.870,-8.148,73.130,0.000,0.000,2.000,Bang-Bang,-36.0
7.106,-45.050,-0.786,-454.920,-7.940,85.080,0.000,0.000,2.000,Bang-Bang,-34.0
7.174,-50.850,-0.887,-411.500,-7.182,128.500,0.000,0.000,2.000,Bang-Bang,5.0
7.251,-20.090,-0.351,-315.520,-5.507,135.520,0.000,0.000,2.000,Bang-Bang,49.0
7.320,-14.640,-0.256,-259.270,-4.525,79.270,0.000,0.000,2.000,Bang-Bang,-4.0
7.391,-13.230,-0.231,-236.070,-4.120,56.070,0.000,0.000,2.000,Bang-Bang,11.0
7.470,-1.460,-0.025,-252.070,-4.399,72.070,0.000,0.000,-2.000,Bang-Bang,29.0
7.556,-2.690,-0.047,-318.860,-5.565,138.860,0.000,0.000,-2.000,Bang-Bang,-54.0
7.639,-45.230,-0.789,-433.650,-7.569,106.350,0.000,0.000,2.000,Bang-Bang,-28.0
7.720,-42.760,-0.746,-486.380,-8.489,53.620,0.000,0.000,-2.000,Bang-Bang,22.0
7.787,-39.070,-0.682,-502.030,-8.762,37.970,0.000,0.000,2.000,Bang-Bang,-3.0
7.866,-49.090,-0.857,-480.930,-8.394,59.070,0.000,0.000,2.000,Bang-Bang,-18.0
7.934,-49.800,-0.869,-437.510,-7.636,102.490,0.000,0.000,2.000,Bang-Bang,17.0
8.011,-5.320,-0.093,-335.030,-5.847,155.030,0.000,0.000,2.000,Bang-Bang,128.0
8.089,18.930,0.330,-256.110,-4.470,76.110,0.000,0.000,2.000,Bang-Bang,21.0
8.158,27.550,0.481,-219.550,-3.832,39.550,0.000,0.000,2.000,Bang-Bang,29.0
8.227,45.300,0.791,-217.080,-3.789,37.080,0.000,0.000,-2.000,Bang-Bang,47.0
8.293,61.120,1.067,-235.720,-4.114,55.720,0.000,0.000,-2.000,Bang-Bang,31.0
8.365,66.400,1.159,-278.780,-4.866,98.780,0.000,0.000,-2.000,Bang-Bang,-3.0
8.445,24.740,0.432,-383.730,-6.697,156.270,0.000,0.000,-2.000,Bang-Bang,-126.0
8.527,0.650,0.011,-469.160,-8.188,70.840,0.000,0.000,-2.000,Bang-Bang,-19.0
8.607,-11.830,-0.206,-508.880,-8.882,31.120,0.000,0.000,-2.000,Bang-Bang,-44.0
8.684,-43.290,-0.756,-500.270,-8.731,39.730,0.000,0.000,2.000,Bang-Bang,-86.0
8.756,-71.420,-1.247,-458.430,-8.001,81.570,0.000,0.000,2.000,Bang-Bang,-41.0
8.838,-64.740,-1.130,-370.890,-6.473,169.110,0.000,0.000,2.000,Bang-Bang,103.0
8.913,-40.300,-0.703,-267.180,-4.663,87.180,0.000,0.000,2.000,Bang-Bang,-6.0
8.984,-47.860,-0.835,-211.460,-3.691,31.460,0.000,0.000,2.000,Bang-Bang,-17.0
9.055,-45.580,-0.796,-188.960,-3.298,8.960,0.000,0.000,2.000,LQR,27.0
9.127,-25.710,-0.449,-192.830,-3.366,12.830,0.000,0.000,-2.000,LQR,52.0
9.193,-9.370,-0.164,-203.550,-3.553,23.550,0.000,0.000,-2.000,LQR,30.0
9.271,-0.230,-0.004,-223.240,-3.896,43.240,0.000,0.000,0.522,Energy,14.0
9.347,1.000,0.017,-265.600,-4.636,85.600,0.000,0.000,0.896,Energy,-4.0
9.424,-24.830,-0.433,-355.950,-6.212,175.950,0.000,0.000,2.000,Energy,-126.0
9.505,-45.400,-0.792,-441.730,-7.710,98.270,0.000,0.000,1.834,Energy,5.0
9.590,-33.450,-0.584,-468.280,-8.173,71.720,0.000,0.000,-0.013,Energy,26.0
9.662,-23.430,-0.409,-451.750,-7.885,88.250,0.000,0.000,-0.889,Energy,21.0
9.738,-7.610,-0.133,-400.780,-6.995,139.220,0.000,0.000,-1.093,Energy,67.0
9.820,32.820,0.573,-308.670,-5.387,128.670,0.000,0.000,-1.510,Energy,27.0
9.904,30.360,0.530,-281.950,-4.921,101.950,0.000,0.000,-0.005,Energy,-17.0
9.986,16.830,0.294,-304.100,-5.308,124.100,0.000,0.000,1.252,Energy,-40.0
10.072,-21.500,-0.375,-373.880,-6.525,166.120,0.000,0.000,1.780,Energy,-83.0
10.144,-37.670,-0.657,-413.430,-7.216,126.570,0.000,0.000,0.000,Energy,-8.0
10.225,-34.330,-0.599,-409.210,-7.142,130.790,0.000,0.000,-0.001,Energy,16.0
10.297,-15.690,-0.274,-365.090,-6.372,174.910,0.000,0.000,-1.490,Energy,59.0
10.369,-1.810,-0.032,-325.190,-5.676,145.190,0.000,0.000,-0.539,Energy,10.0
10.457,-10.070,-0.176,-323.260,-5.642,143.260,0.000,0.000,-0.003,Energy,-30.0
10.547,-38.020,-0.664,-363.330,-6.341,176.670,0.000,0.000,0.796,Energy,-55.0
10.623,-51.380,-0.897,-385.660,-6.731,154.340,0.000,0.000,0.006,Energy,-8.0
10.707,-43.820,-0.765,-369.310,-6.446,170.690,0.000,0.000,-0.680,Energy,28.0
10.784,-32.920,-0.575,-344.000,-6.004,164.000,0.000,0.000,0.006,Energy,12.0
10.870,-36.260,-0.633,-342.070,-5.970,162.070,0.000,0.000,-0.007,Energy,-17.0
10.950,-48.570,-0.848,-361.230,-6.305,178.770,0.000,0.000,0.514,Energy,-25.0
11.032,-54.190,-0.946,-372.120,-6.495,167.880,0.000,0.000,0.007,Energy,-3.0
11.111,-48.570,-0.848,-362.630,-6.329,177.370,0.000,0.000,-0.007,Energy,17.0
11.185,-41.360,-0.722,-349.450,-6.099,169.450,0.000,0.000,0.007,Energy,11.0
11.262,-40.830,-0.713,-348.750,-6.087,168.750,0.000,0.000,-0.007,Energy,-2.0
11.334,-45.050,-0.786,-359.120,-6.268,179.120,0.000,0.000,-0.007,Energy,-10.0
11.405,-47.160,-0.823,-367.550,-6.415,172.450,0.000,0.000,-2.000,Bang-Bang,-3.0
11.483,-42.060,-0.734,-363.690,-6.348,176.310,0.000,0.000,2.000,Bang-Bang,9.0
11.567,-26.770,-0.467,-346.990,-6.056,166.990,0.000,0.000,2.000,Bang-Bang,41.0
11.634,-9.370,-0.164,-334.160,-5.832,154.160,0.000,0.000,2.000,Bang-Bang,39.0
11.715,8.210,0.143,-336.440,-5.872,156.440,0.000,0.000,-2.000,Bang-Bang,36.0
11.787,11.200,0.195,-362.630,-6.329,177.370,0.000,0.000,-2.000,Bang-Bang,-15.0
11.862,1.880,0.033,-401.480,-7.007,138.520,0.000,0.000,-2.000,Bang-Bang,-15.0
11.933,-2.860,-0.050,-412.030,-7.191,127.970,0.000,0.000,-2.000,Bang-Bang,-11.0
12.003,-6.200,-0.108,-395.500,-6.903,144.500,0.000,0.000,2.000,Bang-Bang,4.0
12.073,10.670,0.186,-341.540,-5.961,161.540,0.000,0.000,2.000,Bang-Bang,50.0
12.147,22.270,0.389,-301.110,-5.255,121.110,0.000,0.000,2.000,Bang-Bang,14.0
12.218,25.970,0.453,-294.780,-5.145,114.780,0.000,0.000,-2.000,Bang-Bang,8.0
12.287,22.800,0.398,-323.260,-5.642,143.260,0.000,0.000,-2.000,Bang-Bang,-35.0
12.354,-7.430,-0.130,-387.770,-6.768,152.230,0.000,0.000,-2.000,Bang-Bang,-73.0
12.432,-26.240,-0.458,-436.640,-7.621,103.360,0.000,0.000,-2.000,Bang-Bang,-26.0
12.507,-37.490,-0.654,-444.370,-7.756,95.630,0.000,0.000,2.000,Bang-Bang,-27.0
12.602,-39.070,-0.682,-397.790,-6.943,142.210,0.000,0.000,2.000,Bang-Bang,35.0
12.684,-3.570,-0.062,-303.390,-5.295,123.390,0.000,0.000,2.000,Bang-Bang,36.0
12.762,3.470,0.061,-263.140,-4.593,83.140,0.000,0.000,2.000,Bang-Bang,11.0
12.860,14.190,0.248,-266.830,-4.657,86.830,0.000,0.000,-2.000,Bang-Bang,25.0
12.945,8.920,0.156,-336.440,-5.872,156.440,0.000,0.000,-2.000,Bang-Bang,-73.0
13.059,-27.120,-0.473,-454.040,-7.924,85.960,0.000,0.000,-2.000,Bang-Bang,-10.0
13.142,-34.850,-0.608,-479.350,-8.366,60.650,0.000,0.000,2.000,Bang-Bang,-22.0
13.221,-42.760,-0.746,-460.010,-8.029,79.990,0.000,0.000,2.000,Bang-Bang,-11.0
13.311,-27.470,-0.479,-385.480,-6.728,154.520,0.000,0.000,2.000,Bang-Bang,102.0
13.403,18.230,0.318,-278.780,-4.866,98.780,0.000,0.000,2.000,Bang-Bang,30.0
13.488,28.950,0.505,-233.260,-4.071,53.260,0.000,0.000,-2.000,Bang-Bang,25.0
13.583,49.170,0.858,-243.280,-4.246,63.280,0.000,0.000,-2.000,Bang-Bang,32.0
13.693,51.100,0.892,-309.900,-5.409,129.900,0.000,0.000,-2.000,Bang-Bang,-40.0
13.793,-1.280,-0.022,-452.460,-7.897,87.540,0.000,0.000,-2.000,Bang-Bang,-20.0
13.875,-9.890,-0.173,-499.040,-8.710,40.960,0.000,0.000,-2.000,Bang-Bang,-27.0
13.957,-36.260,-0.633,-493.940,-8.621,46.060,0.000,0.000,2.000,Bang-Bang,-71.0
14.038,-60.170,-1.050,-448.410,-7.826,91.590,0.000,0.000,2.000,Bang-Bang,-27.0
14.127,-34.850,-0.608,-331.340,-5.783,151.340,0.000,0.000,2.000,Bang-Bang,87.0
14.215,-27.120,-0.473,-242.920,-4.240,62.920,0.000,0.000,2.000,Bang-Bang,-13.0
14.304,-30.640,-0.535,-201.090,-3.510,21.090,0.000,0.000,2.000,Bang-Bang,9.0
14.394,-6.380,-0.111,-212.340,-3.706,32.340,0.000,0.000,-2.000,Bang-Bang,57.0
14.479,12.430,0.217,-254.700,-4.445,74.700,0.000,0.000,-2.000,Bang-Bang,19.0
14.586,-23.780,-0.415,-379.860,-6.630,160.140,0.000,0.000,-2.000,Bang-Bang,-129.0
14.676,-45.230,-0.789,-479.530,-8.369,60.470,0.000,0.000,-2.000,Bang-Bang,5.0
14.750,-37.320,-0.651,-523.650,-9.139,16.350,0.000,0.000,-2.000,Bang-Bang,14.0
14.831,-44.350,-0.774,-541.930,-9.458,1.930,0.000,0.000,-2.000,LQR,-31.0
14.899,-61.050,-1.066,-546.670,-9.541,6.670,0.000,0.000,-2.000,LQR,-46.0
14.975,-80.730,-1.409,-553.880,-9.667,13.880,0.000,0.000,-2.000,LQR,-46.0
15.044,-97.960,-1.710,-580.250,-10.127,40.250,0.000,0.000,-2.000,LQR,-29.0
15.137,-117.820,-2.056,-651.440,-11.370,111.440,0.000,0.000,2.000,Energy,-58.0
15.216,-127.320,-2.222,-722.460,-12.609,177.540,0.000,0.000,2.000,Energy,52.0
15.284,-96.030,-1.676,-741.790,-12.947,158.210,0.000,0.000,2.000,Energy,93.0
15.356,-51.550,-0.900,-748.820,-13.069,151.180,0.000,0.000,0.006,Energy,108.0
15.429,-5.500,-0.096,-750.580,-13.100,149.420,0.000,0.000,0.005,Energy,103.0
15.520,45.830,0.800,-754.100,-13.162,145.900,0.000,0.000,0.005,Energy,90.0
15.605,89.770,1.567,-751.110,-13.109,148.890,0.000,0.000,-2.000,Energy,78.0
15.681,119.480,2.085,-745.830,-13.017,154.170,0.000,0.000,-2.000,Energy,49.0
15.748,130.910,2.285,-740.560,-12.925,159.440,0.000,0.000,-2.000,Energy,-7.0
15.821,121.420,2.119,-735.460,-12.836,164.540,0.000,0.000,-2.000,Energy,-34.0
15.889,100.850,1.760,-733.350,-12.799,166.650,0.000,0.000,-2.000,Energy,-60.0
15.962,69.560,1.214,-735.820,-12.842,164.180,0.000,0.000,-2.000,Energy,-81.0
16.032,32.650,0.570,-741.260,-12.937,158.740,0.000,0.000,0.006,Energy,-91.0
16.107,-2.510,-0.044,-740.030,-12.916,159.970,0.000,0.000,-0.007,Energy,-73.0
16.182,-33.270,-0.581,-725.270,-12.658,174.730,0.000,0.000,-0.007,Energy,-60.0
16.248,-55.950,-0.977,-705.580,-12.315,165.580,0.000,0.000,0.006,Energy,-55.0
16.319,-77.390,-1.351,-689.580,-12.035,149.580,0.000,0.000,2.000,Energy,-44.0
16.386,-91.460,-1.596,-679.920,-11.867,139.920,0.000,0.000,2.000,Energy,-25.0
16.455,-99.010,-1.728,-685.010,-11.956,145.010,0.000,0.000,2.000,Energy,-12.0
16.536,-100.250,-1.750,-704.170,-12.290,164.170,0.000,0.000,2.000,Energy,2.0
16.616,-84.420,-1.473,-720.000,-12.566,180.000,0.000,0.000,2.000,Energy,52.0
16.683,-55.950,-0.977,-716.480,-12.505,176.480,0.000,0.000,0.007,Energy,81.0
16.750,-23.430,-0.409,-707.690,-12.352,167.690,0.000,0.000,0.007,Energy,77.0
16.816,2.240,0.039,-709.800,-12.388,169.800,0.000,0.000,-0.007,Energy,53.0
16.901,22.270,0.389,-727.200,-12.692,172.800,0.000,0.000,0.007,Energy,33.0
16.976,38.800,0.677,-742.320,-12.956,157.680,0.000,0.000,0.006,Energy,38.0
17.052,57.430,1.002,-741.620,-12.944,158.380,0.000,0.000,-2.000,Energy,44.0
17.132,77.120,1.346,-728.430,-12.714,171.570,0.000,0.000,-2.000,Energy,29.0
17.204,79.400,1.386,-726.850,-12.686,173.150,0.000,0.000,-2.000,Energy,-7.0
17.276,66.040,1.153,-736.340,-12.852,163.660,0.000,0.000,-2.000,Energy,-40.0
17.351,45.300,0.791,-744.250,-12.990,155.750,0.000,0.000,0.006,Energy,-51.0
17.424,26.840,0.468,-737.920,-12.879,162.080,0.000,0.000,-0.006,Energy,-33.0
17.490,15.770,0.275,-717.530,-12.523,177.530,0.000,0.000,-0.621,Energy,-25.0
17.571,-0.400,-0.007,-699.960,-12.217,159.960,0.000,0.000,0.006,Energy,-42.0
17.652,-23.960,-0.418,-699.600,-12.210,159.600,0.000,0.000,-2.000,Bang-Bang,-54.0
17.730,-54.540,-0.952,-716.480,-12.505,176.480,0.000,0.000,2.000,Bang-Bang,-57.0
17.798,-67.020,-1.170,-718.410,-12.539,178.410,0.000,0.000,2.000,Bang-Bang,-12.0
17.869,-61.570,-1.075,-702.240,-12.256,162.240,0.000,0.000,2.000,Bang-Bang,22.0
17.933,-51.730,-0.903,-690.460,-12.051,150.460,0.000,0.000,2.000,Bang-Bang,25.0
18.002,-41.010,-0.716,-691.690,-12.072,151.690,0.000,0.000,-2.000,Bang-Bang,26.0
18.073,-40.660,-0.710,-716.300,-12.502,176.300,0.000,0.000,2.000,Bang-Bang,-22.0
18.151,-44.700,-0.780,-748.650,-13.066,151.350,0.000,0.000,-2.000,Bang-Bang,15.0
18.228,-31.690,-0.553,-747.420,-13.045,152.580,0.000,0.000,2.000,Bang-Bang,24.0
18.298,-11.300,-0.197,-722.460,-12.609,177.540,0.000,0.000,2.000,Bang-Bang,70.0
18.368,17.530,0.306,-687.480,-11.999,147.480,0.000,0.000,2.000,Bang-Bang,57.0
18.436,36.860,0.643,-673.760,-11.759,133.760,0.000,0.000,-2.000,Bang-Bang,40.0
18.504,43.900,0.766,-690.110,-12.045,150.110,0.000,0.000,-2.000,Bang-Bang,-9.0
18.586,23.150,0.404,-750.050,-13.091,149.950,0.000,0.000,-2.000,Bang-Bang,-45.0
18.652,11.550,0.202,-785.210,-13.704,114.790,0.000,0.000,-2.000,Bang-Bang,-19.0
18.726,2.940,0.051,-788.370,-13.760,111.630,0.000,0.000,2.000,Bang-Bang,-22.0
18.793,-1.980,-0.035,-758.670,-13.241,141.330,0.000,0.000,2.000,Bang-Bang,4.0
18.871,20.520,0.358,-683.430,-11.928,143.430,0.000,0.000,2.000,Bang-Bang,37.0
18.943,26.320,0.459,-642.830,-11.220,102.830,0.000,0.000,2.000,Bang-Bang,6.0
19.018,28.600,0.499,-637.030,-11.118,97.030,0.000,0.000,-2.000,Bang-Bang,6.0
19.093,26.140,0.456,-671.660,-11.723,131.660,0.000,0.000,-2.000,Bang-Bang,-30.0
19.168,-12.350,-0.216,-756.380,-13.201,143.620,0.000,0.000,-2.000,Bang-Bang,-72.0
19.248,-29.410,-0.513,-810.700,-14.149,89.300,0.000,0.000,2.000,Bang-Bang,-23.0
19.324,-40.480,-0.707,-822.120,-14.349,77.880,0.000,0.000,2.000,Bang-Bang,-20.0
19.400,-45.050,-0.786,-794.530,-13.867,105.470,0.000,0.000,2.000,Bang-Bang,3.0
19.475,-18.330,-0.320,-717.010,-12.514,177.010,0.000,0.000,2.000,Bang-Bang,126.0
19.583,13.310,0.232,-623.490,-10.882,83.490,0.000,0.000,2.000,Bang-Bang,17.0
19.660,25.260,0.441,-603.100,-10.526,63.100,0.000,0.000,-2.000,Bang-Bang,32.0
19.736,40.730,0.711,-629.290,-10.983,89.290,0.000,0.000,-2.000,Bang-Bang,25.0
19.818,30.890,0.539,-702.940,-12.269,162.940,0.000,0.000,-2.000,Bang-Bang,-95.0
19.894,-0.930,-0.016,-804.370,-14.039,95.630,0.000,0.000,-2.000,Bang-Bang,-15.0
19.979,-4.440,-0.077,-850.600,-14.846,49.400,0.000,0.000,-2.000,Bang-Bang,-10.0
20.063,-21.670,-0.378,-848.670,-14.812,51.330,0.000,0.000,2.000,Bang-Bang,-52.0
20.136,-39.070,-0.682,-806.830,-14.082,93.170,0.000,0.000,2.000,Bang-Bang,-18.0
20.224,-11.300,-0.197,-697.320,-12.171,157.320,0.000,0.000,2.000,Bang-Bang,104.0
20.301,2.410,0.042,-615.050,-10.735,75.050,0.000,0.000,2.000,Bang-Bang,-5.0
20.383,1.000,0.017,-575.330,-10.041,35.330,0.000,0.000,2.000,Bang-Bang,3.0
20.504,27.720,0.484,-591.850,-10.330,51.850,0.000,0.000,-2.000,Bang-Bang,55.0
20.585,40.730,0.711,-658.300,-11.490,118.300,0.000,0.000,-2.000,Bang-Bang,-5.0
20.756,-1.980,-0.035,-850.950,-14.852,49.050,0.000,0.000,-2.000,Bang-Bang,7.0
20.823,-5.850,-0.102,-884.880,-15.444,15.120,0.000,0.000,-2.000,Bang-Bang,-28.0
20.899,-29.760,-0.519,-882.240,-15.398,17.760,0.000,0.000,2.000,LQR,-72.0
20.963,-54.540,-0.952,-863.610,-15.073,36.390,0.000,0.000,2.000,LQR,-49.0
21.031,-68.960,-1.204,-831.440,-14.511,68.560,0.000,0.000,2.000,Energy,-22.0
21.111,-63.860,-1.115,-766.930,-13.385,133.070,0.000,0.000,2.000,Energy,55.0
21.194,-20.260,-0.354,-652.500,-11.388,112.500,0.000,0.000,-1.468,Energy,26.0
21.268,-24.830,-0.433,-599.410,-10.462,59.410,0.000,0.000,-1.064,Energy,-26.0
21.335,-36.260,-0.633,-582.010,-10.158,42.010,0.000,0.000,-0.019,Energy,-24.0
21.403,-41.530,-0.725,-592.030,-10.333,52.030,0.000,0.000,0.018,Energy,-8.0
21.472,-44.000,-0.768,-631.750,-11.026,91.750,0.000,0.000,1.413,Energy,-11.0
21.547,-69.830,-1.219,-717.360,-12.520,177.360,0.000,0.000,2.000,Energy,-116.0
21.621,-87.240,-1.523,-791.890,-13.821,108.110,0.000,0.000,2.000,Energy,7.0
21.697,-73.880,-1.289,-815.620,-14.235,84.380,0.000,0.000,2.000,Energy,38.0
21.769,-54.190,-0.946,-801.910,-13.996,98.090,0.000,0.000,-0.638,Energy,52.0
21.847,-16.750,-0.292,-747.770,-13.051,152.230,0.000,0.000,-1.325,Energy,124.0
21.923,36.340,0.634,-677.980,-11.833,137.980,0.000,0.000,-1.056,Energy,62.0
22.003,50.580,0.883,-659.530,-11.511,119.530,0.000,0.000,-0.000,Energy,15.0
22.094,48.110,0.840,-689.760,-12.039,149.760,0.000,0.000,0.611,Energy,-29.0
22.166,28.080,0.490,-752.870,-13.140,147.130,0.000,0.000,1.366,Energy,-19.0
22.252,32.290,0.564,-772.380,-13.481,127.620,0.000,0.000,0.001,Energy,19.0
22.327,47.240,0.824,-752.340,-13.131,147.660,0.000,0.000,-0.793,Energy,45.0
22.402,71.670,1.251,-708.040,-12.358,168.040,0.000,0.000,-2.000,Energy,43.0
22.485,72.370,1.263,-693.100,-12.097,153.100,0.000,0.000,-2.000,Energy,-29.0
22.568,44.950,0.785,-721.930,-12.600,178.070,0.000,0.000,0.800,Energy,-80.0
22.649,13.660,0.238,-754.450,-13.168,145.550,0.000,0.000,0.003,Energy,-38.0
22.723,3.470,0.061,-749.350,-13.079,150.650,0.000,0.000,-0.509,Energy,-13.0
22.797,4.170,0.073,-717.710,-12.526,177.710,0.000,0.000,-0.926,Energy,4.0
22.873,-1.630,-0.028,-693.630,-12.106,153.630,0.000,0.000,0.006,Energy,-27.0
22.948,-19.740,-0.345,-695.030,-12.131,155.030,0.000,0.000,-0.006,Energy,-48.0
23.027,-46.100,-0.805,-716.660,-12.508,176.660,0.000,0.000,-0.007,Energy,-59.0
23.104,-66.500,-1.161,-732.480,-12.784,167.520,0.000,0.000,2.000,Energy,-20.0
23.174,-61.920,-1.081,-716.660,-12.508,176.660,0.000,0.000,2.000,Energy,27.0
23.246,-49.270,-0.860,-693.980,-12.112,153.980,0.000,0.000,0.005,Energy,24.0
23.326,-45.580,-0.796,-694.330,-12.118,154.330,0.000,0.000,-0.006,Energy,-4.0
23.413,-54.720,-0.955,-725.620,-12.664,174.380,0.000,0.000,0.991,Energy,-17.0
23.488,-53.490,-0.934,-740.030,-12.916,159.970,0.000,0.000,0.007,Energy,15.0
23.615,-29.760,-0.519,-717.890,-12.530,177.890,0.000,0.000,-1.425,Energy,38.0
23.698,-18.510,-0.323,-706.110,-12.324,166.110,0.000,0.000,0.000,Energy,9.0
23.775,-20.790,-0.363,-716.300,-12.502,176.300,0.000,0.000,-0.007,Energy,-10.0
23.856,-25.540,-0.446,-731.250,-12.763,168.750,0.000,0.000,0.007,Energy,-6.0
23.930,-23.780,-0.415,-731.250,-12.763,168.750,0.000,0.000,-0.007,Energy,9.0
24.006,-17.100,-0.298,-718.590,-12.542,178.590,0.000,0.000,0.007,Energy,14.0
24.081,-14.290,-0.249,-710.500,-12.401,170.500,0.000,0.000,0.007,Energy,3.0
24.163,-18.510,-0.323,-715.070,-12.480,175.070,0.000,0.000,-0.007,Energy,-13.0
24.238,-25.540,-0.446,-725.270,-12.658,174.730,0.000,0.000,0.007,Energy,-13.0
24.313,-28.170,-0.492,-727.200,-12.692,172.800,0.000,0.000,-0.007,Energy,-3.0
24.384,-26.590,-0.464,-720.000,-12.566,180.000,0.000,0.000,0.000,Energy,5.0
24.455,-25.710,-0.449,-713.320,-12.450,173.320,0.000,0.000,0.007,Energy,-2.0
24.526,-28.000,-0.489,-713.140,-12.447,173.140,0.000,0.000,-0.007,Energy,-8.0
24.602,-33.270,-0.581,-719.640,-12.560,179.640,0.000,0.000,-0.007,Energy,-11.0
24.679,-36.610,-0.639,-723.510,-12.628,176.490,0.000,0.000,0.007,Energy,-6.0
24.748,-36.080,-0.630,-721.400,-12.591,178.600,0.000,0.000,-0.007,Energy,1.0
24.821,-33.270,-0.581,-715.420,-12.486,175.420,0.000,0.000,2.000,Bang-Bang,13.0
24.891,-22.550,-0.394,-703.650,-12.281,163.650,0.000,0.000,2.000,Bang-Bang,30.0
24.956,-9.890,-0.173,-697.500,-12.174,157.500,0.000,0.000,2.000,Bang-Bang,32.0
25.028,1.710,0.030,-702.940,-12.269,162.940,0.000,0.000,-2.000,Bang-Bang,17.0
25.097,-4.440,-0.077,-734.760,-12.824,165.240,0.000,0.000,-2.000,Bang-Bang,-28.0
25.176,-14.990,-0.262,-763.940,-13.333,136.060,0.000,0.000,-2.000,Bang-Bang,-17.0
25.296,-25.540,-0.446,-749.880,-13.088,150.120,0.000,0.000,2.000,Bang-Bang,-12.0
25.368,-17.630,-0.308,-701.710,-12.247,161.710,0.000,0.000,2.000,Bang-Bang,31.0
25.445,-11.120,-0.194,-664.450,-11.597,124.450,0.000,0.000,2.000,Bang-Bang,5.0
25.524,-10.250,-0.179,-661.640,-11.548,121.640,0.000,0.000,-2.000,Bang-Bang,2.0
25.608,-23.960,-0.418,-708.570,-12.367,168.570,0.000,0.000,-2.000,Bang-Bang,-73.0
25.687,-52.260,-0.912,-773.430,-13.499,126.570,0.000,0.000,2.000,Bang-Bang,-22.0
25.762,-50.850,-0.887,-786.440,-13.726,113.560,0.000,0.000,2.000,Bang-Bang,15.0
25.830,-40.300,-0.703,-763.240,-13.321,136.760,0.000,0.000,2.000,Bang-Bang,43.0
25.900,-4.440,-0.077,-703.300,-12.275,163.300,0.000,0.000,2.000,Bang-Bang,105.0
25.972,24.030,0.419,-651.620,-11.373,111.620,0.000,0.000,2.000,Bang-Bang,40.0
26.047,38.800,0.677,-638.780,-11.149,98.780,0.000,0.000,-2.000,Bang-Bang,31.0
26.114,45.650,0.797,-661.280,-11.542,121.280,0.000,0.000,-2.000,Bang-Bang,-8.0
26.181,24.210,0.423,-725.970,-12.671,174.030,0.000,0.000,-2.000,Bang-Bang,-100.0
26.252,1.180,0.021,-792.770,-13.836,107.230,0.000,0.000,-2.000,Bang-Bang,-26.0
26.324,-7.610,-0.133,-821.250,-14.334,78.750,0.000,0.000,-2.000,Bang-Bang,-22.0
26.392,-20.260,-0.354,-814.040,-14.208,85.960,0.000,0.000,2.000,Bang-Bang,-32.0
26.459,-26.770,-0.467,-774.490,-13.517,125.510,0.000,0.000,2.000,Bang-Bang,4.0
26.533,0.830,0.014,-685.370,-11.962,145.370,0.000,0.000,2.000,Bang-Bang,60.0
26.607,8.560,0.149,-624.020,-10.891,84.020,0.000,0.000,2.000,Bang-Bang,6.0
26.688,10.320,0.180,-602.050,-10.508,62.050,0.000,0.000,2.000,Bang-Bang,10.0
26.761,19.460,0.340,-622.440,-10.864,82.440,0.000,0.000,-2.000,Bang-Bang,18.0
26.832,14.010,0.245,-679.210,-11.854,139.210,0.000,0.000,-2.000,Bang-Bang,-57.0
26.907,-28.000,-0.489,-779.060,-13.597,120.940,0.000,0.000,-2.000,Bang-Bang,-47.0
26.985,-35.730,-0.624,-837.240,-14.613,62.760,0.000,0.000,2.000,Bang-Bang,-6.0
27.062,-32.920,-0.575,-860.800,-15.024,39.200,0.000,0.000,-2.000,Bang-Bang,7.0
27.136,-42.240,-0.737,-846.910,-14.781,53.090,0.000,0.000,2.000,Bang-Bang,-23.0
27.201,-46.460,-0.811,-810.870,-14.152,89.130,0.000,0.000,2.000,Bang-Bang,4.0
27.277,-18.330,-0.320,-724.740,-12.649,175.260,0.000,0.000,2.000,Bang-Bang,152.0
27.349,18.580,0.324,-634.210,-11.069,94.210,0.000,0.000,2.000,Bang-Bang,30.0
27.416,25.790,0.450,-589.740,-10.293,49.740,0.000,0.000,2.000,Bang-Bang,16.0
27.482,38.270,0.668,-574.450,-10.026,34.450,0.000,0.000,-2.000,Bang-Bang,41.0
27.551,53.040,0.926,-581.300,-10.146,41.300,0.000,0.000,-2.000,Bang-Bang,31.0
27.618,62.000,1.082,-607.670,-10.606,67.670,0.000,0.000,-2.000,Bang-Bang,12.0
27.689,56.900,0.993,-659.350,-11.508,119.350,0.000,0.000,-2.000,Bang-Bang,-43.0
27.760,5.400,0.094,-762.180,-13.303,137.820,0.000,0.000,-2.000,Bang-Bang,-98.0
27.862,-16.220,-0.283,-841.460,-14.686,58.540,0.000,0.000,-2.000,Bang-Bang,-23.0
27.931,-37.320,-0.651,-868.180,-15.153,31.820,0.000,0.000,2.000,Bang-Bang,-66.0
28.008,-69.480,-1.213,-849.720,-14.830,50.280,0.000,0.000,2.000,Bang-Bang,-58.0
28.084,-85.830,-1.498,-805.070,-14.051,94.930,0.000,0.000,2.000,Bang-Bang,-18.0
28.166,-55.250,-0.964,-699.780,-12.213,159.780,0.000,0.000,2.000,Bang-Bang,118.0
28.237,-37.320,-0.651,-618.220,-10.790,78.220,0.000,0.000,2.000,Bang-Bang,8.0
28.308,-36.610,-0.639,-574.270,-10.023,34.270,0.000,0.000,2.000,Bang-Bang,2.0
28.384,-21.500,-0.375,-563.200,-9.830,23.200,0.000,0.000,-2.000,Bang-Bang,56.0
28.465,8.390,0.146,-590.440,-10.305,50.440,0.000,0.000,-2.000,Bang-Bang,51.0
28.549,20.340,0.355,-647.750,-11.305,107.750,0.000,0.000,-2.000,Bang-Bang,-7.0
28.641,-24.480,-0.427,-781.340,-13.637,118.660,0.000,0.000,-2.000,Bang-Bang,-43.0
28.711,-28.700,-0.501,-846.210,-14.769,53.790,0.000,0.000,-2.000,Bang-Bang,2.0
28.792,-25.360,-0.443,-886.280,-15.469,13.720,0.000,0.000,-2.000,Bang-Bang,-5.0
28.867,-39.780,-0.694,-899.120,-15.693,0.880,0.000,0.000,-2.000,LQR,-48.0
28.936,-64.390,-1.124,-895.600,-15.631,4.400,0.000,0.000,0.634,LQR,-70.0
29.004,-90.930,-1.587,-886.460,-15.472,13.540,0.000,0.000,2.000,LQR,-49.0
29.071,-101.830,-1.777,-885.580,-15.456,14.420,0.000,0.000,2.000,LQR,-12.0
29.150,-94.800,-1.655,-896.130,-15.640,3.870,0.000,0.000,-2.000,LQR,36.0
29.225,-81.610,-1.424,-911.600,-15.910,11.600,0.000,0.000,-2.000,LQR,18.0
29.303,-77.040,-1.345,-926.890,-16.177,26.890,0.000,0.000,-2.000,LQR,6.0
29.383,-77.750,-1.357,-960.110,-16.757,60.110,0.000,0.000,2.000,Energy,-6.0
29.458,-86.010,-1.501,-1022.510,-17.846,122.510,0.000,0.000,2.000,Energy,-39.0
29.548,-120.990,-2.112,-1129.040,-19.705,130.960,0.000,0.000,2.000,Energy,-21.0
29.631,-106.220,-1.854,-1171.750,-20.451,88.250,0.000,0.000,2.000,Energy,46.0
29.704,-82.320,-1.437,-1164.550,-20.325,95.450,0.000,0.000,2.000,Energy,60.0
29.781,-44.170,-0.771,-1119.020,-19.531,140.980,0.000,0.000,-1.187,Energy,127.0
29.855,25.260,0.441,-1047.480,-18.282,147.480,0.000,0.000,-1.471,Energy,111.0
29.926,54.620,0.953,-1018.820,-17.782,118.820,0.000,0.000,-0.000,Energy,43.0
29.997,66.750,1.165,-1026.030,-17.908,126.030,0.000,0.000,-2.000,Energy,18.0
30.072,56.020,0.978,-1079.120,-18.834,179.120,0.000,0.000,1.837,Energy,-56.0
30.144,41.790,0.729,-1133.780,-19.788,126.220,0.000,0.000,0.703,Energy,-10.0
30.220,46.710,0.815,-1149.080,-20.055,110.920,0.000,0.000,-2.000,Bang-Bang,15.0
30.285,51.810,0.904,-1131.670,-19.751,128.330,0.000,0.000,-2.000,Bang-Bang,13.0
30.350,61.300,1.070,-1089.660,-19.018,170.340,0.000,0.000,-2.000,Bang-Bang,32.0
30.420,63.760,1.113,-1049.760,-18.322,149.760,0.000,0.000,2.000,Bang-Bang,-19.0
30.485,50.050,0.874,-1039.210,-18.138,139.210,0.000,0.000,2.000,Bang-Bang,-35.0
30.556,33.000,0.576,-1049.580,-18.319,149.580,0.000,0.000,-2.000,Bang-Bang,-55.0
30.627,-2.860,-0.050,-1088.960,-19.006,171.040,0.000,0.000,-2.000,Bang-Bang,-106.0
30.706,-43.820,-0.765,-1132.200,-19.761,127.800,0.000,0.000,2.000,Bang-Bang,-64.0
30.772,-61.400,-1.072,-1136.770,-19.840,123.230,0.000,0.000,2.000,Bang-Bang,-28.0
30.842,-62.280,-1.087,-1105.660,-19.297,154.340,0.000,0.000,2.000,Bang-Bang,27.0
30.919,-37.320,-0.651,-1034.640,-18.058,134.640,0.000,0.000,2.000,Bang-Bang,34.0
30.984,-30.280,-0.528,-1003.530,-17.515,103.530,0.000,0.000,2.000,Bang-Bang,13.0
31.054,-24.310,-0.424,-1002.120,-17.490,102.120,0.000,0.000,-2.000,Bang-Bang,16.0
31.128,-22.900,-0.400,-1036.230,-18.086,136.230,0.000,0.000,-2.000,Bang-Bang,-20.0
31.202,-53.490,-0.934,-1117.960,-19.512,142.040,0.000,0.000,2.000,Bang-Bang,-47.0
31.269,-55.770,-0.973,-1155.760,-20.172,104.240,0.000,0.000,-2.000,Bang-Bang,10.0
31.343,-48.740,-0.851,-1160.850,-20.261,99.150,0.000,0.000,2.000,Bang-Bang,14.0
31.417,-36.080,-0.630,-1122.890,-19.598,137.110,0.000,0.000,2.000,Bang-Bang,56.0
31.484,3.990,0.070,-1052.750,-18.374,152.750,0.000,0.000,2.000,Bang-Bang,102.0
31.560,29.130,0.508,-998.080,-17.420,98.080,0.000,0.000,-2.000,Bang-Bang,34.0
31.631,42.670,0.745,-984.550,-17.184,84.550,0.000,0.000,-2.000,Bang-Bang,24.0
31.695,47.760,0.834,-1002.480,-17.497,102.480,0.000,0.000,-2.000,Bang-Bang,6.0
31.767,31.590,0.551,-1062.940,-18.552,162.940,0.000,0.000,-2.000,Bang-Bang,-101.0
31.840,-4.800,-0.084,-1146.620,-20.012,113.380,0.000,0.000,-2.000,Bang-Bang,-39.0
31.907,-15.340,-0.268,-1186.870,-20.715,73.130,0.000,0.000,-2.000,Bang-Bang,-23.0
31.976,-28.700,-0.501,-1193.370,-20.828,66.630,0.000,0.000,2.000,Bang-Bang,-43.0
32.044,-47.690,-0.832,-1163.840,-20.313,96.160,0.000,0.000,2.000,Bang-Bang,-32.0
32.112,-44.700,-0.780,-1098.800,-19.178,161.200,0.000,0.000,2.000,Bang-Bang,66.0
32.179,-21.670,-0.378,-1011.090,-17.647,111.090,0.000,0.000,2.000,Bang-Bang,13.0
32.252,-24.830,-0.433,-961.690,-16.785,61.690,0.000,0.000,2.000,Bang-Bang,-12.0
32.324,-24.310,-0.424,-946.750,-16.524,46.750,0.000,0.000,2.000,Bang-Bang,14.0
32.402,-10.950,-0.191,-972.420,-16.972,72.420,0.000,0.000,-2.000,Bang-Bang,25.0
32.482,-13.940,-0.243,-1036.400,-18.089,136.400,0.000,0.000,-2.000,Bang-Bang,-54.0
32.564,-58.060,-1.013,-1152.770,-20.120,107.230,0.000,0.000,2.000,Bang-Bang,-24.0
32.639,-53.660,-0.937,-1206.560,-21.058,53.440,0.000,0.000,-2.000,Bang-Bang,23.0
32.706,-49.440,-0.863,-1223.080,-21.347,36.920,0.000,0.000,2.000,Bang-Bang,-3.0
32.778,-57.180,-0.998,-1209.370,-21.107,50.630,0.000,0.000,2.000,Bang-Bang,-18.0
32.853,-58.580,-1.022,-1167.710,-20.380,92.290,0.000,0.000,2.000,Bang-Bang,9.0
32.931,-22.020,-0.384,-1077.180,-18.800,177.180,0.000,0.000,2.000,Bang-Bang,165.0
33.008,15.420,0.269,-987.180,-17.230,87.180,0.000,0.000,2.000,Bang-Bang,32.0
33.081,26.840,0.468,-943.590,-16.469,43.590,0.000,0.000,2.000,Bang-Bang,31.0
33.154,46.880,0.818,-938.320,-16.377,38.320,0.000,0.000,-2.000,Bang-Bang,50.0
33.220,63.760,1.113,-956.070,-16.687,56.070,0.000,0.000,-2.000,Bang-Bang,34.0
33.285,70.610,1.232,-995.090,-17.368,95.090,0.000,0.000,-2.000,Bang-Bang,7.0
33.360,40.030,0.699,-1085.440,-18.945,174.560,0.000,0.000,-2.000,Bang-Bang,-151.0
33.430,10.320,0.180,-1171.230,-20.442,88.770,0.000,0.000,-2.000,Bang-Bang,-26.0
33.506,3.110,0.054,-1218.860,-21.273,41.140,0.000,0.000,-2.000,Bang-Bang,-21.0
33.593,-21.140,-0.369,-1228.000,-21.433,32.000,0.000,0.000,2.000,Bang-Bang,-75.0
33.660,-55.070,-0.961,-1193.200,-20.825,66.800,0.000,0.000,2.000,Bang-Bang,-57.0
33.731,-64.910,-1.133,-1133.080,-19.776,126.920,0.000,0.000,2.000,Bang-Bang,5.0
33.802,-33.100,-0.578,-1025.680,-17.901,125.680,0.000,0.000,2.000,Bang-Bang,41.0
33.879,-33.800,-0.590,-955.890,-16.683,55.890,0.000,0.000,2.000,Bang-Bang,-18.0
33.950,-39.420,-0.688,-917.570,-16.015,17.570,0.000,0.000,2.000,Bang-Bang,4.0
34.025,-25.360,-0.443,-913.710,-15.947,13.710,0.000,0.000,-2.000,LQR,48.0
34.093,-8.490,-0.148,-925.660,-16.156,25.660,0.000,0.000,-2.000,LQR,33.0
34.166,1.880,0.033,-948.330,-16.551,48.330,0.000,0.000,0.811,Energy,16.0
34.240,3.820,0.067,-992.460,-17.322,92.460,0.000,0.000,1.082,Energy,-2.0
34.320,-25.190,-0.440,-1090.370,-19.031,169.630,0.000,0.000,2.000,Energy,-107.0
34.394,-36.440,-0.636,-1164.020,-20.316,95.980,0.000,0.000,1.159,Energy,16.0
34.468,-24.130,-0.421,-1188.800,-20.748,71.200,0.000,0.000,-0.013,Energy,30.0
34.540,-13.060,-0.228,-1178.080,-20.561,81.920,0.000,0.000,-0.524,Energy,23.0
34.614,3.640,0.064,-1125.520,-19.644,134.480,0.000,0.000,-1.751,Energy,63.0
34.693,43.540,0.760,-1041.670,-18.181,141.670,0.000,0.000,-1.267,Energy,49.0
34.766,46.880,0.818,-1005.290,-17.546,105.290,0.000,0.000,-0.003,Energy,-7.0
34.834,39.150,0.683,-1009.330,-17.616,109.330,0.000,0.000,0.002,Energy,-23.0
34.902,21.400,0.374,-1047.300,-18.279,147.300,0.000,0.000,1.394,Energy,-70.0
34.971,-11.650,-0.203,-1106.360,-19.310,153.640,0.000,0.000,0.969,Energy,-57.0
35.041,-21.140,-0.369,-1135.540,-19.819,124.460,0.000,0.000,0.000,Energy,-7.0
35.111,-17.280,-0.302,-1127.630,-19.681,132.370,0.000,0.000,-0.538,Energy,17.0
35.177,-2.510,-0.044,-1090.370,-19.031,169.630,0.000,0.000,-1.134,Energy,54.0
35.253,12.080,0.211,-1047.120,-18.276,147.120,0.000,0.000,-0.700,Energy,10.0
35.330,3.820,0.067,-1043.080,-18.205,143.080,0.000,0.000,-0.002,Energy,-32.0
35.405,-17.630,-0.308,-1070.330,-18.681,170.330,0.000,0.000,0.625,Energy,-64.0
35.469,-38.720,-0.676,-1100.390,-19.205,159.610,0.000,0.000,0.006,Energy,-30.0
35.551,-42.410,-0.740,-1101.790,-19.230,158.210,0.000,0.000,-0.006,Energy,4.0
35.621,-33.980,-0.593,-1078.410,-18.822,178.410,0.000,0.000,-0.663,Energy,24.0
35.686,-29.930,-0.522,-1061.010,-18.518,161.010,0.000,0.000,0.006,Energy,-4.0
35.765,-36.440,-0.636,-1062.770,-18.549,162.770,0.000,0.000,-0.007,Energy,-22.0
35.838,-48.570,-0.848,-1080.000,-18.850,180.000,0.000,0.000,0.517,Energy,-28.0
35.904,-56.120,-0.979,-1091.770,-19.055,168.230,0.000,0.000,0.007,Energy,-10.0
35.975,-54.370,-0.949,-1088.080,-18.991,171.920,0.000,0.000,-0.007,Energy,10.0
36.048,-47.160,-0.823,-1073.140,-18.730,173.140,0.000,0.000,0.007,Energy,16.0
36.122,-43.820,-0.765,-1065.930,-18.604,165.930,0.000,0.000,0.007,Energy,4.0
36.208,-47.690,-0.832,-1074.720,-18.757,174.720,0.000,0.000,-0.007,Energy,-11.0
36.283,-51.550,-0.900,-1086.150,-18.957,173.850,0.000,0.000,0.007,Energy,-5.0
36.360,-49.440,-0.863,-1087.200,-18.975,172.800,0.000,0.000,-0.007,Energy,8.0
36.433,-42.410,-0.740,-1078.240,-18.819,178.240,0.000,0.000,0.007,Energy,15.0
36.509,-37.840,-0.660,-1072.260,-18.714,172.260,0.000,0.000,0.007,Energy,6.0
36.593,-38.370,-0.670,-1076.300,-18.785,176.300,0.000,0.000,-0.007,Energy,-3.0
36.662,-40.130,-0.700,-1082.630,-18.895,177.370,0.000,0.000,2.000,Bang-Bang,-4.0
36.733,-39.070,-0.682,-1084.570,-18.929,175.430,0.000,0.000,-2.000,Bang-Bang,5.0
36.809,-39.250,-0.685,-1083.860,-18.917,176.140,0.000,0.000,2.000,Bang-Bang,7.0
36.880,-26.240,-0.458,-1067.510,-18.632,167.510,0.000,0.000,2.000,Bang-Bang,38.0
36.944,-11.650,-0.203,-1054.510,-18.405,154.510,0.000,0.000,2.000,Bang-Bang,36.0
37.014,2.410,0.042,-1053.630,-18.389,153.630,0.000,0.000,-2.000,Bang-Bang,32.0
37.086,8.210,0.143,-1074.370,-18.751,174.370,0.000,0.000,-2.000,Bang-Bang,-4.0
37.158,-2.510,-0.044,-1114.450,-19.451,145.550,0.000,0.000,-2.000,Bang-Bang,-20.0
37.224,-8.490,-0.148,-1131.500,-19.748,128.500,0.000,0.000,-2.000,Bang-Bang,-13.0
37.296,-13.580,-0.237,-1122.710,-19.595,137.290,0.000,0.000,2.000,Bang-Bang,-8.0
37.370,-1.100,-0.019,-1075.070,-18.764,175.070,0.000,0.000,2.000,Bang-Bang,58.0
37.449,15.590,0.272,-1024.270,-17.877,124.270,0.000,0.000,2.000,Bang-Bang,16.0
37.526,20.520,0.358,-1013.370,-17.687,113.370,0.000,0.000,-2.000,Bang-Bang,9.0
37.606,19.290,0.337,-1045.890,-18.254,145.890,0.000,0.000,-2.000,Bang-Bang,-32.0
37.681,-10.770,-0.188,-1116.560,-19.488,143.440,0.000,0.000,-2.000,Bang-Bang,-56.0
37.751,-24.130,-0.421,-1158.390,-20.218,101.610,0.000,0.000,-2.000,Bang-Bang,-21.0
37.826,-34.500,-0.602,-1163.320,-20.304,96.680,0.000,0.000,2.000,Bang-Bang,-26.0
37.896,-39.250,-0.685,-1131.670,-19.751,128.330,0.000,0.000,2.000,Bang-Bang,6.0
37.968,-12.000,-0.209,-1052.400,-18.368,152.400,0.000,0.000,2.000,Bang-Bang,72.0
38.038,0.300,0.005,-995.800,-17.380,95.800,0.000,0.000,2.000,Bang-Bang,10.0
38.113,4.340,0.076,-977.340,-17.058,77.340,0.000,0.000,2.000,Bang-Bang,14.0
38.186,12.780,0.223,-996.670,-17.395,96.670,0.000,0.000,-2.000,Bang-Bang,13.0
38.260,1.180,0.021,-1059.250,-18.487,159.250,0.000,0.000,-2.000,Bang-Bang,-86.0
38.335,-33.620,-0.587,-1150.310,-20.077,109.690,0.000,0.000,2.000,Bang-Bang,-28.0
38.414,-35.910,-0.627,-1193.550,-20.831,66.450,0.000,0.000,-2.000,Bang-Bang,5.0
38.486,-35.210,-0.615,-1198.820,-20.923,61.180,0.000,0.000,2.000,Bang-Bang,-3.0
38.564,-39.420,-0.688,-1165.780,-20.347,94.220,0.000,0.000,2.000,Bang-Bang,3.0
38.634,-14.460,-0.252,-1087.910,-18.988,172.090,0.000,0.000,2.000,Bang-Bang,135.0
38.710,22.270,0.389,-998.430,-17.426,98.430,0.000,0.000,2.000,Bang-Bang,31.0
38.779,30.180,0.527,-957.650,-16.714,57.650,0.000,0.000,-2.000,Bang-Bang,17.0
38.842,38.620,0.674,-946.930,-16.527,46.930,0.000,0.000,-2.000,Bang-Bang,20.0
38.908,44.770,0.781,-956.770,-16.699,56.770,0.000,0.000,-2.000,Bang-Bang,13.0
38.975,44.600,0.778,-991.580,-17.306,91.580,0.000,0.000,-2.000,Bang-Bang,-13.0
39.052,9.970,0.174,-1075.250,-18.767,175.250,0.000,0.000,-2.000,Bang-Bang,-167.0
39.130,-33.450,-0.584,-1167.890,-20.384,92.110,0.000,0.000,2.000,Bang-Bang,-39.0
39.195,-42.940,-0.749,-1212.010,-21.154,47.990,0.000,0.000,2.000,Bang-Bang,-13.0
39.262,-44.870,-0.783,-1235.390,-21.562,24.610,0.000,0.000,-2.000,Bang-Bang,-4.0
39.333,-45.400,-0.792,-1248.570,-21.792,11.430,0.000,0.000,-0.841,LQR,-14.0
39.404,-57.880,-1.010,-1241.710,-21.672,18.290,0.000,0.000,2.000,LQR,-26.0
39.467,-63.330,-1.105,-1232.220,-21.506,27.780,0.000,0.000,2.000,LQR,-9.0
39.554,-62.280,-1.087,-1205.150,-21.034,54.850,0.000,0.000,-1.366,Energy,6.0
39.628,-55.070,-0.961,-1158.750,-20.224,101.250,0.000,0.000,-0.980,Energy,28.0
39.696,-16.050,-0.280,-1064.350,-18.576,164.350,0.000,0.000,-2.000,Energy,115.0
39.763,0.300,0.005,-1001.600,-17.481,101.600,0.000,0.000,-1.278,Energy,10.0
39.838,-6.030,-0.105,-976.460,-17.042,76.460,0.000,0.000,-0.011,Energy,-19.0
39.906,-13.580,-0.237,-986.130,-17.211,86.130,0.000,0.000,0.556,Energy,-18.0
39.972,-25.540,-0.446,-1027.260,-17.929,127.260,0.000,0.000,1.620,Energy,-47.0
40.039,-60.170,-1.050,-1101.260,-19.221,158.740,0.000,0.000,2.000,Energy,-74.0
40.106,-69.480,-1.213,-1143.800,-19.963,116.200,0.000,0.000,0.554,Energy,5.0
40.183,-60.690,-1.059,-1149.250,-20.058,110.750,0.000,0.000,2.000,Energy,27.0
40.249,-40.830,-0.713,-1117.960,-19.512,142.040,0.000,0.000,-1.152,Energy,72.0
40.318,-2.690,-0.047,-1061.710,-18.530,161.710,0.000,0.000,-1.468,Energy,79.0
40.394,13.660,0.238,-1032.010,-18.012,132.010,0.000,0.000,0.001,Energy,13.0
40.469,10.500,0.183,-1044.660,-18.233,144.660,0.000,0.000,0.820,Energy,-20.0
40.548,-10.250,-0.179,-1093.350,-19.083,166.650,0.000,0.000,1.522,Energy,-40.0
40.618,-15.690,-0.274,-1117.440,-19.503,142.560,0.000,0.000,0.002,Energy,5.0
40.686,-8.310,-0.145,-1111.810,-19.405,148.190,0.000,0.000,-0.005,Energy,27.0
40.759,9.270,0.162,-1080.700,-18.862,179.300,0.000,0.000,-1.056,Energy,46.0
40.831,19.640,0.343,-1056.440,-18.438,156.440,0.000,0.000,0.006,Energy,7.0
40.904,13.130,0.229,-1061.190,-18.521,161.190,0.000,0.000,-0.006,Energy,-26.0
40.986,-4.090,-0.071,-1086.500,-18.963,173.500,0.000,0.000,0.007,Energy,-38.0
41.062,-14.820,-0.259,-1101.440,-19.224,158.560,0.000,0.000,0.006,Energy,-11.0
41.139,-12.350,-0.216,-1088.080,-18.991,171.920,0.000,0.000,-0.747,Energy,13.0
41.216,-7.780,-0.136,-1068.390,-18.647,168.390,0.000,0.000,0.007,Energy,4.0
41.298,-14.640,-0.256,-1065.760,-18.601,165.760,0.000,0.000,-0.007,Energy,-22.0
41.363,-26.070,-0.455,-1077.360,-18.803,177.360,0.000,0.000,-0.007,Energy,-31.0
41.433,-36.790,-0.642,-1088.960,-19.006,171.040,0.000,0.000,2.000,Bang-Bang,-16.0
41.508,-31.690,-0.553,-1080.170,-18.853,179.830,0.000,0.000,2.000,Bang-Bang,31.0
41.578,-12.000,-0.209,-1056.090,-18.432,156.090,0.000,0.000,2.000,Bang-Bang,41.0
41.645,2.760,0.048,-1047.830,-18.288,147.830,0.000,0.000,2.000,Bang-Bang,34.0
41.726,15.070,0.263,-1060.830,-18.515,160.830,0.000,0.000,-2.000,Bang-Bang,12.0
41.797,5.580,0.097,-1103.550,-19.261,156.450,0.000,0.000,-2.000,Bang-Bang,-28.0
41.863,-1.980,-0.035,-1131.320,-19.745,128.680,0.000,0.000,-2.000,Bang-Bang,-13.0
41.930,-7.080,-0.124,-1133.960,-19.791,126.040,0.000,0.000,2.000,Bang-Bang,-12.0
42.001,-6.200,-0.108,-1106.540,-19.313,153.460,0.000,0.000,2.000,Bang-Bang,26.0
42.070,16.300,0.284,-1046.950,-18.273,146.950,0.000,0.000,2.000,Bang-Bang,41.0
42.135,25.260,0.441,-1014.430,-17.705,114.430,0.000,0.000,2.000,Bang-Bang,14.0
42.201,29.660,0.518,-1011.090,-17.647,111.090,0.000,0.000,-2.000,Bang-Bang,10.0
42.271,27.900,0.487,-1039.920,-18.150,139.920,0.000,0.000,-2.000,Bang-Bang,-25.0
42.343,-3.210,-0.056,-1110.410,-19.380,149.590,0.000,0.000,-2.000,Bang-Bang,-69.0
42.426,-21.140,-0.369,-1162.610,-20.291,97.390,0.000,0.000,-2.000,Bang-Bang,-23.0
42.511,-34.680,-0.605,-1165.070,-20.334,94.930,0.000,0.000,2.000,Bang-Bang,-31.0
42.599,-41.180,-0.719,-1112.340,-19.414,147.660,0.000,0.000,2.000,Bang-Bang,26.0
42.682,-14.990,-0.262,-1015.310,-17.721,115.310,0.000,0.000,2.000,Bang-Bang,17.0
42.802,-14.640,-0.256,-977.160,-17.055,77.160,0.000,0.000,2.000,Bang-Bang,-2.0
42.881,-5.500,-0.096,-999.840,-17.450,99.840,0.000,0.000,-2.000,Bang-Bang,13.0
42.999,-24.130,-0.421,-1078.240,-18.819,178.240,0.000,0.000,-2.000,Bang-Bang,-113.0
43.131,-48.390,-0.845,-1203.570,-21.006,56.430,0.000,0.000,-2.000,Bang-Bang,9.0
43.216,-48.740,-0.851,-1194.080,-20.841,65.920,0.000,0.000,2.000,Bang-Bang,-11.0
43.299,-46.280,-0.808,-1141.690,-19.926,118.310,0.000,0.000,2.000,Bang-Bang,35.0
43.377,1.180,0.021,-1039.920,-18.150,139.920,0.000,0.000,2.000,Bang-Bang,91.0
43.453,19.810,0.346,-966.090,-16.861,66.090,0.000,0.000,2.000,Bang-Bang,17.0
43.518,29.480,0.515,-944.120,-16.478,44.120,0.000,0.000,-2.000,Bang-Bang,36.0
43.603,51.100,0.892,-957.120,-16.705,57.120,0.000,0.000,-2.000,Bang-Bang,40.0
43.672,60.770,1.061,-999.660,-17.447,99.660,0.000,0.000,-2.000,Bang-Bang,10.0
43.745,31.420,0.548,-1089.660,-19.018,170.340,0.000,0.000,-2.000,Bang-Bang,-137.0
43.815,6.810,0.119,-1172.460,-20.463,87.540,0.000,0.000,-2.000,Bang-Bang,-17.0
43.887,1.880,0.033,-1217.810,-21.255,42.190,0.000,0.000,-2.000,Bang-Bang,-13.0
43.956,-15.340,-0.268,-1227.480,-21.424,32.520,0.000,0.000,2.000,Bang-Bang,-62.0
44.023,-43.290,-0.756,-1202.690,-20.991,57.310,0.000,0.000,2.000,Bang-Bang,-57.0
44.090,-57.530,-1.004,-1154.530,-20.150,105.470,0.000,0.000,2.000,Bang-Bang,-15.0
44.163,-30.460,-0.532,-1054.510,-18.405,154.510,0.000,0.000,2.000,Bang-Bang,95.0
44.233,-19.740,-0.345,-976.640,-17.046,76.640,0.000,0.000,2.000,Bang-Bang,-4.0
44.305,-25.540,-0.446,-929.530,-16.223,29.530,0.000,0.000,2.000,Bang-Bang,-10.0
44.376,-19.210,-0.335,-916.520,-15.996,16.520,0.000,0.000,-2.000,LQR,34.0
44.443,1.180,0.021,-929.700,-16.226,29.700,0.000,0.000,-2.000,LQR,44.0
44.632,1.360,0.024,-1047.650,-18.285,147.650,0.000,0.000,2.000,Energy,-103.0
44.718,-45.580,-0.796,-1164.020,-20.316,95.980,0.000,0.000,1.258,Energy,-14.0
44.808,-39.600,-0.691,-1207.080,-21.068,52.920,0.000,0.000,0.638,Energy,17.0
44.883,-35.030,-0.611,-1203.750,-21.009,56.250,0.000,0.000,0.017,Energy,5.0
44.958,-33.800,-0.590,-1164.900,-20.331,95.100,0.000,0.000,-1.511,Energy,1.0
45.035,-8.660,-0.151,-1078.940,-18.831,178.940,0.000,0.000,-2.000,Energy,109.0
45.113,7.160,0.125,-1004.760,-17.536,104.760,0.000,0.000,-0.927,Energy,-5.0
45.199,-7.260,-0.127,-981.910,-17.138,81.910,0.000,0.000,-0.010,Energy,-31.0
45.274,-22.200,-0.387,-1004.580,-17.533,104.580,0.000,0.000,0.780,Energy,-39.0
45.349,-54.370,-0.949,-1068.390,-18.647,168.390,0.000,0.000,1.842,Energy,-115.0
45.425,-85.300,-1.489,-1131.150,-19.742,128.850,0.000,0.000,2.000,Energy,-20.0
45.510,-79.680,-1.391,-1138.180,-19.865,121.820,0.000,0.000,2.000,Energy,29.0
45.609,-40.830,-0.713,-1085.090,-18.938,174.910,0.000,0.000,-1.480,Energy,125.0
45.721,8.740,0.153,-1017.770,-17.763,117.770,0.000,0.000,-0.001,Energy,25.0
45.854,8.210,0.143,-1056.440,-18.438,156.440,0.000,0.000,1.453,Energy,-35.0
45.937,-12.880,-0.225,-1129.210,-19.708,130.790,0.000,0.000,0.852,Energy,-5.0
46.031,-3.040,-0.053,-1134.840,-19.807,125.160,0.000,0.000,-0.000,Energy,27.0
46.111,18.760,0.327,-1095.820,-19.126,164.180,0.000,0.000,-1.087,Energy,68.0
46.193,42.840,0.748,-1047.650,-18.285,147.650,0.000,0.000,-0.589,Energy,17.0
46.282,34.930,0.610,-1051.170,-18.346,151.170,0.000,0.000,0.755,Energy,-33.0
46.363,10.850,0.189,-1088.610,-19.000,171.390,0.000,0.000,0.915,Energy,-51.0
46.446,-1.280,-0.022,-1109.170,-19.359,150.830,0.000,0.000,0.006,Energy,-9.0
46.548,5.750,0.100,-1086.500,-18.963,173.500,0.000,0.000,-1.052,Energy,24.0
46.627,12.080,0.211,-1060.310,-18.506,160.310,0.000,0.000,0.006,Energy,-4.0
46.709,0.300,0.005,-1065.760,-18.601,165.760,0.000,0.000,-0.006,Energy,-36.0
46.798,-19.560,-0.341,-1088.260,-18.994,171.740,0.000,0.000,0.007,Energy,-37.0
46.866,-29.760,-0.519,-1096.340,-19.135,163.660,0.000,0.000,-0.007,Energy,-11.0
46.939,-29.050,-0.507,-1083.510,-18.911,176.490,0.000,0.000,-0.007,Energy,6.0
47.020,-26.240,-0.458,-1065.050,-18.589,165.050,0.000,0.000,0.007,Energy,3.0
47.098,-31.690,-0.553,-1064.880,-18.586,164.880,0.000,0.000,-0.007,Energy,-18.0
47.222,-48.040,-0.838,-1087.030,-18.972,172.970,0.000,0.000,1.205,Energy,-16.0
47.303,-49.270,-0.860,-1087.730,-18.984,172.270,0.000,0.000,-0.007,Energy,2.0
47.377,-42.760,-0.746,-1074.900,-18.761,174.900,0.000,0.000,0.007,Energy,13.0
47.447,-39.780,-0.694,-1068.570,-18.650,168.570,0.000,0.000,0.007,Energy,5.0
47.531,-42.410,-0.740,-1074.550,-18.754,174.550,0.000,0.000,-0.007,Energy,-8.0
47.620,-45.930,-0.802,-1085.440,-18.945,174.560,0.000,0.000,0.007,Energy,-3.0
47.695,-43.290,-0.756,-1084.740,-18.932,175.260,0.000,0.000,-0.007,Energy,9.0
47.777,-37.670,-0.657,-1077.530,-18.806,177.530,0.000,0.000,0.007,Energy,11.0
47.849,-35.030,-0.611,-1074.020,-18.745,174.020,0.000,0.000,0.000,Energy,4.0
47.927,-35.910,-0.627,-1077.710,-18.810,177.710,0.000,0.000,-0.007,Energy,-1.0
48.007,-37.320,-0.651,-1082.810,-18.899,177.190,0.000,0.000,0.007,Energy,-3.0
48.090,-35.910,-0.627,-1082.630,-18.895,177.370,0.000,0.000,-0.007,Energy,2.0
48.158,-33.800,-0.590,-1079.470,-18.840,179.470,0.000,0.000,0.007,Energy,5.0
48.235,-32.920,-0.575,-1077.180,-18.800,177.180,0.000,0.000,0.007,Energy,2.0
48.307,-33.800,-0.590,-1078.060,-18.816,178.060,0.000,0.000,-0.007,Energy,-1.0
48.376,-35.030,-0.611,-1079.640,-18.843,179.640,0.000,0.000,-0.007,Energy,-2.0
48.448,-35.380,-0.617,-1080.350,-18.856,179.650,0.000,0.000,0.000,Energy,-1.0
48.547,-35.030,-0.611,-1079.470,-18.840,179.470,0.000,0.000,0.007,Energy,0.0
48.631,-35.210,-0.615,-1078.760,-18.828,178.760,0.000,0.000,0.007,Energy,0.0
48.712,-35.210,-0.615,-1078.410,-18.822,178.410,0.000,0.000,0.000,Energy,0.0
48.796,-35.210,-0.615,-1078.760,-18.828,178.760,0.000,0.000,-0.007,Energy,0.0
48.882,-35.210,-0.615,-1079.290,-18.837,179.290,0.000,0.000,-0.007,Energy,0.0
48.960,-35.210,-0.615,-1079.820,-18.846,179.820,0.000,0.000,0.000,Energy,0.0
49.042,-35.210,-0.615,-1079.820,-18.846,179.820,0.000,0.000,0.000,Energy,0.0
49.115,-35.210,-0.615,-1079.290,-18.837,179.290,0.000,0.000,0.007,Energy,0.0
49.186,-35.210,-0.615,-1078.940,-18.831,178.940,0.000,0.000,2.000,Bang-Bang,0.0
49.256,-34.330,-0.599,-1077.710,-18.810,177.710,0.000,0.000,2.000,Bang-Bang,22.0
49.336,-25.360,-0.443,-1069.620,-18.668,169.620,0.000,0.000,2.000,Bang-Bang,29.0
49.404,-10.600,-0.185,-1061.190,-18.521,161.190,0.000,0.000,2.000,Bang-Bang,35.0
49.476,4.520,0.079,-1061.010,-18.518,161.010,0.000,0.000,-2.000,Bang-Bang,37.0
49.558,6.450,0.113,-1088.260,-18.994,171.740,0.000,0.000,-2.000,Bang-Bang,-21.0
49.639,-3.920,-0.068,-1120.780,-19.561,139.220,0.000,0.000,-2.000,Bang-Bang,-17.0
49.706,-10.070,-0.176,-1125.350,-19.641,134.650,0.000,0.000,2.000,Bang-Bang,-14.0
49.774,-10.250,-0.179,-1102.500,-19.242,157.500,0.000,0.000,2.000,Bang-Bang,21.0
49.850,10.500,0.183,-1045.890,-18.254,145.890,0.000,0.000,2.000,Bang-Bang,34.0
49.921,18.760,0.327,-1019.530,-17.794,119.530,0.000,0.000,2.000,Bang-Bang,12.0
49.991,22.800,0.398,-1023.040,-17.855,123.040,0.000,0.000,-2.000,Bang-Bang,9.0
50.061,11.730,0.205,-1067.160,-18.625,167.160,0.000,0.000,-2.000,Bang-Bang,-72.0
50.133,-16.050,-0.280,-1129.740,-19.718,130.260,0.000,0.000,-2.000,Bang-Bang,-40.0
50.200,-27.120,-0.473,-1159.100,-20.230,100.900,0.000,0.000,-2.000,Bang-Bang,-23.0
50.272,-37.140,-0.648,-1155.580,-20.169,104.420,0.000,0.000,2.000,Bang-Bang,-18.0
50.346,-33.980,-0.593,-1112.340,-19.414,147.660,0.000,0.000,2.000,Bang-Bang,42.0
50.413,-3.390,-0.059,-1034.820,-18.061,134.820,0.000,0.000,2.000,Bang-Bang,46.0
50.491,5.580,0.097,-990.350,-17.285,90.350,0.000,0.000,2.000,Bang-Bang,12.0
50.575,14.010,0.245,-985.950,-17.208,85.950,0.000,0.000,-2.000,Bang-Bang,21.0
50.647,18.760,0.327,-1025.850,-17.904,125.850,0.000,0.000,-2.000,Bang-Bang,-4.0
50.725,-15.170,-0.265,-1119.020,-19.531,140.980,0.000,0.000,-2.000,Bang-Bang,-61.0
50.805,-26.240,-0.458,-1180.190,-20.598,79.810,0.000,0.000,-2.000,Bang-Bang,-9.0
50.885,-35.030,-0.611,-1195.130,-20.859,64.870,0.000,0.000,2.000,Bang-Bang,-25.0
50.952,-42.240,-0.737,-1175.440,-20.515,84.560,0.000,0.000,2.000,Bang-Bang,-13.0
51.025,-33.980,-0.593,-1117.790,-19.509,142.210,0.000,0.000,2.000,Bang-Bang,65.0
51.104,9.440,0.165,-1018.820,-17.782,118.820,0.000,0.000,2.000,Bang-Bang,46.0
51.176,19.110,0.334,-965.030,-16.843,65.030,0.000,0.000,2.000,Bang-Bang,13.0
51.245,28.950,0.505,-952.730,-16.628,52.730,0.000,0.000,-2.000,Bang-Bang,35.0
51.319,46.180,0.806,-975.410,-17.024,75.410,0.000,0.000,-2.000,Bang-Bang,30.0
51.398,46.000,0.803,-1036.050,-18.082,136.050,0.000,0.000,-2.000,Bang-Bang,-46.0
51.481,5.050,0.088,-1145.560,-19.994,114.440,0.000,0.000,-2.000,Bang-Bang,-37.0
51.580,-1.810,-0.032,-1215.000,-21.206,45.000,0.000,0.000,-2.000,Bang-Bang,-11.0
51.660,-21.850,-0.381,-1219.390,-21.282,40.610,0.000,0.000,2.000,Bang-Bang,-61.0
51.728,-45.400,-0.792,-1185.640,-20.693,74.360,0.000,0.000,2.000,Bang-Bang,-40.0
51.798,-48.390,-0.845,-1122.710,-19.595,137.290,0.000,0.000,2.000,Bang-Bang,39.0
51.875,-13.410,-0.234,-1011.260,-17.650,111.260,0.000,0.000,2.000,Bang-Bang,24.0
51.953,-15.520,-0.271,-947.810,-16.542,47.810,0.000,0.000,2.000,Bang-Bang,-13.0
52.025,-15.340,-0.268,-921.260,-16.079,21.260,0.000,0.000,2.000,Bang-Bang,19.0
52.099,3.470,0.061,-930.050,-16.232,30.050,0.000,0.000,-2.000,Bang-Bang,51.0
52.175,19.110,0.334,-957.830,-16.717,57.830,0.000,0.000,-2.000,Bang-Bang,26.0
52.243,20.170,0.352,-1012.140,-17.665,112.140,0.000,0.000,-2.000,Bang-Bang,-23.0
52.320,-27.650,-0.483,-1120.250,-19.552,139.750,0.000,0.000,-2.000,Bang-Bang,-92.0
52.392,-43.470,-0.759,-1194.250,-20.844,65.750,0.000,0.000,2.000,Bang-Bang,-10.0
52.471,-37.840,-0.660,-1241.010,-21.660,18.990,0.000,0.000,-2.000,Bang-Bang,10.0
52.558,-46.280,-0.808,-1258.590,-21.967,1.410,0.000,0.000,-2.000,LQR,-35.0
52.626,-67.020,-1.170,-1258.410,-21.963,1.590,0.000,0.000,-1.141,LQR,-57.0
52.691,-91.630,-1.599,-1251.380,-21.841,8.620,0.000,0.000,2.000,LQR,-58.0
52.760,-105.870,-1.848,-1250.850,-21.831,9.150,0.000,0.000,2.000,LQR,-15.0
52.838,-97.960,-1.710,-1271.600,-22.194,11.600,0.000,0.000,-2.000,LQR,42.0
52.919,-83.020,-1.449,-1312.550,-22.908,52.550,0.000,0.000,2.000,Energy,19.0
52.989,-81.960,-1.430,-1370.390,-23.918,110.390,0.000,0.000,2.000,Energy,-13.0
53.061,-109.910,-1.918,-1468.820,-25.636,151.180,0.000,0.000,2.000,Energy,-54.0
53.130,-104.820,-1.829,-1526.300,-26.639,93.700,0.000,0.000,2.000,Energy,41.0
53.202,-82.140,-1.434,-1545.640,-26.977,74.360,0.000,0.000,2.000,Energy,58.0
53.267,-57.710,-1.007,-1531.400,-26.728,88.600,0.000,0.000,2.000,Energy,65.0
53.345,-18.680,-0.326,-1480.600,-25.841,139.400,0.000,0.000,-1.541,Energy,125.0
53.421,48.990,0.855,-1403.430,-24.494,143.430,0.000,0.000,-1.497,Energy,93.0
53.495,72.200,1.260,-1377.240,-24.037,117.240,0.000,0.000,-2.000,Energy,31.0
53.577,76.240,1.331,-1393.760,-24.326,133.760,0.000,0.000,-2.000,Energy,-12.0
53.657,45.130,0.788,-1467.770,-25.617,152.230,0.000,0.000,1.781,Energy,-68.0
53.725,31.940,0.557,-1508.900,-26.335,111.100,0.000,0.000,0.699,Energy,-11.0
53.811,31.240,0.545,-1512.940,-26.406,107.060,0.000,0.000,0.002,Energy,2.0
53.892,40.730,0.711,-1467.070,-25.605,152.930,0.000,0.000,-1.811,Energy,44.0
53.960,59.540,1.039,-1409.060,-24.593,149.060,0.000,0.000,-2.000,Energy,21.0
54.043,50.580,0.883,-1385.330,-24.179,125.330,0.000,0.000,0.001,Energy,-35.0
54.119,27.720,0.484,-1403.780,-24.501,143.780,0.000,0.000,0.876,Energy,-67.0
54.195,-11.480,-0.200,-1450.890,-25.323,169.110,0.000,0.000,1.119,Energy,-84.0
54.270,-33.800,-0.590,-1476.030,-25.762,143.970,0.000,0.000,0.003,Energy,-24.0
54.350,-36.440,-0.636,-1461.970,-25.516,158.030,0.000,0.000,-0.700,Energy,6.0
54.425,-27.820,-0.486,-1424.170,-24.856,164.170,0.000,0.000,-0.935,Energy,12.0
54.510,-34.330,-0.599,-1409.230,-24.596,149.230,0.000,0.000,0.005,Energy,-27.0
54.589,-52.960,-0.924,-1425.230,-24.875,165.230,0.000,0.000,0.516,Energy,-48.0
54.658,-71.770,-1.253,-1448.960,-25.289,171.040,0.000,0.000,2.000,Energy,-25.0
54.734,-67.900,-1.185,-1444.740,-25.215,175.260,0.000,0.000,2.000,Energy,29.0
54.799,-52.430,-0.915,-1425.760,-24.884,165.760,0.000,0.000,-0.541,Energy,46.0
54.868,-37.320,-0.651,-1412.920,-24.660,152.920,0.000,0.000,0.006,Energy,22.0
54.937,-34.500,-0.602,-1424.880,-24.869,164.880,0.000,0.000,0.663,Energy,-4.0
55.021,-38.190,-0.667,-1453.880,-25.375,166.120,0.000,0.000,0.006,Energy,-4.0
55.101,-30.460,-0.532,-1461.620,-25.510,158.380,0.000,0.000,-0.006,Energy,24.0
55.170,-16.400,-0.286,-1448.430,-25.280,171.570,0.000,0.000,-0.007,Energy,38.0
55.243,-1.630,-0.028,-1429.980,-24.958,169.980,0.000,0.000,-0.508,Energy,26.0
55.320,2.590,0.045,-1427.690,-24.918,167.690,0.000,0.000,-0.007,Energy,-3.0
55.394,-2.690,-0.047,-1441.580,-25.160,178.420,0.000,0.000,0.007,Energy,-16.0
55.462,-7.960,-0.139,-1454.060,-25.378,165.940,0.000,0.000,0.007,Energy,-9.0
55.541,-6.910,-0.121,-1451.600,-25.335,168.400,0.000,0.000,-0.007,Energy,7.0
55.618,-1.810,-0.032,-1437.180,-25.084,177.180,0.000,0.000,0.007,Energy,10.0
55.693,-1.630,-0.028,-1429.270,-24.945,169.270,0.000,0.000,0.007,Energy,-2.0
55.770,-8.660,-0.151,-1434.900,-25.044,174.900,0.000,0.000,-0.007,Energy,-20.0
55.852,-19.210,-0.335,-1446.850,-25.252,173.150,0.000,0.000,0.007,Energy,-17.0
55.923,-23.600,-0.412,-1448.080,-25.274,171.920,0.000,0.000,-0.007,Energy,-5.0
56.003,-22.900,-0.400,-1438.240,-25.102,178.240,0.000,0.000,0.007,Energy,1.0
56.085,-23.960,-0.418,-1430.500,-24.967,170.500,0.000,0.000,0.007,Energy,-4.0
56.156,-28.880,-0.504,-1433.490,-25.019,173.490,0.000,0.000,-0.007,Energy,-14.0
56.231,-35.560,-0.621,-1441.400,-25.157,178.600,0.000,0.000,0.007,Energy,-13.0
56.301,-38.720,-0.676,-1444.570,-25.213,175.430,0.000,0.000,0.000,Energy,-6.0
56.378,-37.490,-0.654,-1440.000,-25.133,180.000,0.000,0.000,-2.000,Bang-Bang,3.0
56.447,-34.150,-0.596,-1432.960,-25.010,172.960,0.000,0.000,2.000,Bang-Bang,12.0
56.517,-25.010,-0.437,-1423.650,-24.847,163.650,0.000,0.000,2.000,Bang-Bang,27.0
56.587,-12.180,-0.213,-1419.080,-24.768,159.080,0.000,0.000,2.000,Bang-Bang,31.0
56.657,-0.400,-0.007,-1425.930,-24.887,165.930,0.000,0.000,-2.000,Bang-Bang,16.0
56.732,-6.380,-0.111,-1458.800,-25.461,161.200,0.000,0.000,-2.000,Bang-Bang,-24.0
56.800,-14.460,-0.252,-1482.010,-25.866,137.990,0.000,0.000,-2.000,Bang-Bang,-15.0
56.867,-20.090,-0.351,-1482.890,-25.881,137.110,0.000,0.000,2.000,Bang-Bang,-13.0
56.938,-19.030,-0.332,-1456.690,-25.424,163.310,0.000,0.000,2.000,Bang-Bang,25.0
57.009,0.130,0.002,-1403.430,-24.494,143.430,0.000,0.000,2.000,Bang-Bang,30.0
57.082,7.860,0.137,-1378.820,-24.065,118.820,0.000,0.000,2.000,Bang-Bang,11.0
57.154,11.380,0.199,-1386.380,-24.197,126.380,0.000,0.000,-2.000,Bang-Bang,7.0
57.235,-9.720,-0.170,-1445.800,-25.234,174.200,0.000,0.000,-2.000,Bang-Bang,-86.0
57.305,-32.750,-0.572,-1500.990,-26.197,119.010,0.000,0.000,2.000,Bang-Bang,-29.0
57.374,-39.250,-0.685,-1518.920,-26.510,101.080,0.000,0.000,2.000,Bang-Bang,-8.0
57.449,-35.730,-0.624,-1500.990,-26.197,119.010,0.000,0.000,2.000,Bang-Bang,22.0
57.519,-5.850,-0.102,-1439.120,-25.117,179.120,0.000,0.000,2.000,Bang-Bang,121.0
57.605,31.060,0.542,-1365.290,-23.829,105.290,0.000,0.000,-2.000,Bang-Bang,35.0
57.678,43.020,0.751,-1347.360,-23.516,87.360,0.000,0.000,-2.000,Bang-Bang,18.0
57.747,46.000,0.803,-1365.460,-23.832,105.460,0.000,0.000,-2.000,Bang-Bang,-3.0
57.824,22.630,0.395,-1430.680,-24.970,170.680,0.000,0.000,-2.000,Bang-Bang,-121.0
57.908,-16.570,-0.289,-1517.690,-26.489,102.310,0.000,0.000,-2.000,Bang-Bang,-34.0
57.976,-29.580,-0.516,-1548.980,-27.035,71.020,0.000,0.000,2.000,Bang-Bang,-33.0
58.048,-46.100,-0.805,-1543.350,-26.937,76.650,0.000,0.000,2.000,Bang-Bang,-35.0
58.118,-54.190,-0.946,-1506.090,-26.286,113.910,0.000,0.000,2.000,Bang-Bang,-7.0
58.192,-26.070,-0.455,-1416.790,-24.728,156.790,0.000,0.000,2.000,Bang-Bang,94.0
58.260,-11.830,-0.206,-1348.240,-23.531,88.240,0.000,0.000,2.000,Bang-Bang,8.0
58.330,-10.070,-0.176,-1315.370,-22.958,55.370,0.000,0.000,2.000,Bang-Bang,6.0
58.401,-0.050,-0.001,-1318.530,-23.013,58.530,0.000,0.000,-2.000,Bang-Bang,34.0
58.471,9.790,0.171,-1354.040,-23.632,94.040,0.000,0.000,-2.000,Bang-Bang,10.0
58.560,-20.620,-0.360,-1452.480,-25.351,167.520,0.000,0.000,-2.000,Bang-Bang,-127.0
58.640,-43.120,-0.753,-1541.250,-26.900,78.750,0.000,0.000,2.000,Bang-Bang,-6.0
58.721,-36.080,-0.630,-1580.620,-27.587,39.380,0.000,0.000,-2.000,Bang-Bang,15.0
58.804,-42.590,-0.743,-1579.040,-27.559,40.960,0.000,0.000,2.000,Bang-Bang,-27.0
58.875,-50.500,-0.881,-1548.800,-27.032,71.200,0.000,0.000,2.000,Bang-Bang,-10.0
58.957,-34.850,-0.608,-1472.510,-25.700,147.490,0.000,0.000,2.000,Bang-Bang,100.0
59.043,16.650,0.291,-1360.890,-23.752,100.890,0.000,0.000,2.000,Bang-Bang,40.0
59.119,27.020,0.472,-1307.100,-22.813,47.100,0.000,0.000,2.000,Bang-Bang,20.0
59.189,42.310,0.738,-1293.570,-22.577,33.570,0.000,0.000,-2.000,Bang-Bang,41.0
59.258,57.080,0.996,-1302.360,-22.730,42.360,0.000,0.000,-2.000,Bang-Bang,29.0
59.324,64.810,1.131,-1328.200,-23.181,68.200,0.000,0.000,-2.000,Bang-Bang,11.0
59.395,57.780,1.008,-1383.390,-24.145,123.390,0.000,0.000,-2.000,Bang-Bang,-54.0
59.470,4.870,0.085,-1487.280,-25.958,132.720,0.000,0.000,-2.000,Bang-Bang,-90.0
59.558,-16.400,-0.286,-1566.380,-27.338,53.620,0.000,0.000,-2.000,Bang-Bang,-25.0
59.629,-35.030,-0.611,-1588.350,-27.722,31.650,0.000,0.000,2.000,Bang-Bang,-64.0
59.697,-64.030,-1.118,-1575.520,-27.498,44.480,0.000,0.000,2.000,Bang-Bang,-61.0
59.766,-82.320,-1.437,-1543.880,-26.946,76.120,0.000,0.000,2.000,Bang-Bang,-31.0
59.837,-79.330,-1.385,-1477.960,-25.795,142.040,0.000,0.000,2.000,Bang-Bang,63.0
59.907,-39.070,-0.682,-1373.900,-23.979,113.900,0.000,0.000,2.000,Bang-Bang,39.0
59.978,-34.850,-0.608,-1312.730,-22.911,52.730,0.000,0.000,2.000,Bang-Bang,3.0
60.049,-29.760,-0.519,-1284.960,-22.427,24.960,0.000,0.000,2.000,Bang-Bang,27.0
60.120,-7.260,-0.127,-1290.230,-22.519,30.230,0.000,0.000,-2.000,Bang-Bang,69.0
60.209,18.580,0.324,-1328.370,-23.184,68.370,0.000,0.000,-2.000,Bang-Bang,34.0
60.278,17.000,0.297,-1398.860,-24.415,138.860,0.000,0.000,-2.000,Bang-Bang,-59.0
60.357,-25.540,-0.446,-1515.230,-26.446,104.770,0.000,0.000,-2.000,Bang-Bang,-30.0
60.439,-27.820,-0.486,-1578.860,-27.556,41.140,0.000,0.000,-2.000,Bang-Bang,2.0
60.522,-36.960,-0.645,-1603.820,-27.992,16.180,0.000,0.000,2.000,Bang-Bang,-30.0
60.611,-46.630,-0.814,-1620.000,-28.274,0.000,0.000,0.000,-2.000,LQR,-15.0
60.680,-59.640,-1.041,-1625.800,-28.376,5.800,0.000,0.000,-2.000,LQR,-37.0
60.747,-76.160,-1.329,-1630.540,-28.458,10.540,0.000,0.000,-2.000,LQR,-42.0
60.818,-92.330,-1.611,-1645.130,-28.713,25.130,0.000,0.000,-2.000,LQR,-32.0
60.892,-104.110,-1.817,-1684.160,-29.394,64.160,0.000,0.000,2.000,Energy,-27.0
60.963,-122.750,-2.142,-1756.230,-30.652,136.230,0.000,0.000,2.000,Energy,-79.0
61.031,-120.990,-2.112,-1807.200,-31.542,172.800,0.000,0.000,2.000,Energy,72.0
61.098,-84.600,-1.477,-1818.280,-31.735,161.720,0.000,0.000,2.000,Energy,104.0
61.164,-39.250,-0.685,-1821.790,-31.796,158.210,0.000,0.000,0.006,Energy,115.0
61.232,2.940,0.051,-1827.070,-31.888,152.930,0.000,0.000,0.006,Energy,97.0
61.303,41.790,0.729,-1834.980,-32.026,145.020,0.000,0.000,0.005,Energy,84.0
61.369,74.830,1.306,-1836.910,-32.060,143.090,0.000,0.000,-2.000,Energy,79.0
61.449,105.950,1.849,-1831.460,-31.965,148.540,0.000,0.000,-2.000,Energy,58.0
61.524,125.630,2.193,-1821.090,-31.784,158.910,0.000,0.000,-2.000,Energy,34.0
61.602,132.140,2.306,-1811.070,-31.609,168.930,0.000,0.000,-2.000,Energy,-4.0
61.675,119.130,2.079,-1812.480,-31.634,167.520,0.000,0.000,-2.000,Energy,-45.0
61.739,97.330,1.699,-1818.800,-31.744,161.200,0.000,0.000,-2.000,Energy,-63.0
61.807,69.560,1.214,-1824.080,-31.836,155.920,0.000,0.000,-2.000,Energy,-73.0
61.877,37.220,0.650,-1826.010,-31.870,153.990,0.000,0.000,0.006,Energy,-82.0
61.946,5.050,0.088,-1820.390,-31.772,159.610,0.000,0.000,-0.006,Energy,-70.0
62.018,-21.850,-0.381,-1803.510,-31.477,176.490,0.000,0.000,-0.508,Energy,-59.0
62.085,-45.400,-0.792,-1782.240,-31.106,162.240,0.000,0.000,0.006,Energy,-57.0
62.153,-68.960,-1.204,-1768.710,-30.870,148.710,0.000,0.000,2.000,Energy,-58.0
62.218,-87.410,-1.526,-1763.080,-30.772,143.080,0.000,0.000,2.000,Energy,-39.0
62.291,-100.250,-1.750,-1767.650,-30.851,147.650,0.000,0.000,2.000,Energy,-21.0
62.371,-104.640,-1.826,-1782.940,-31.118,162.940,0.000,0.000,2.000,Energy,4.0
62.451,-91.810,-1.602,-1794.720,-31.324,174.720,0.000,0.000,2.000,Energy,46.0
62.536,-59.820,-1.044,-1789.980,-31.241,169.980,0.000,0.000,2.000,Energy,76.0
62.618,-20.970,-0.366,-1781.010,-31.084,161.010,0.000,0.000,0.007,Energy,71.0
62.695,5.400,0.094,-1790.500,-31.250,170.500,0.000,0.000,0.500,Energy,43.0
62.772,20.520,0.358,-1811.950,-31.624,168.050,0.000,0.000,-2.000,Bang-Bang,33.0
62.846,36.860,0.643,-1829.000,-31.922,151.000,0.000,0.000,-2.000,Bang-Bang,27.0
62.911,44.950,0.785,-1832.870,-31.990,147.130,0.000,0.000,-2.000,Bang-Bang,16.0
62.977,48.990,0.855,-1825.310,-31.858,154.690,0.000,0.000,-2.000,Bang-Bang,8.0
63.047,48.290,0.843,-1808.430,-31.563,171.570,0.000,0.000,2.000,Bang-Bang,-5.0
63.117,48.640,0.849,-1785.410,-31.161,165.410,0.000,0.000,-2.000,Bang-Bang,7.0
63.199,39.680,0.693,-1778.900,-31.048,158.900,0.000,0.000,-2.000,Bang-Bang,-37.0
63.268,16.830,0.294,-1797.180,-31.367,177.180,0.000,0.000,-2.000,Bang-Bang,-73.0
63.338,-15.520,-0.271,-1827.770,-31.901,152.230,0.000,0.000,-2.000,Bang-Bang,-72.0
63.419,-45.050,-0.786,-1844.120,-32.186,135.880,0.000,0.000,2.000,Bang-Bang,-57.0
63.488,-60.170,-1.050,-1828.650,-31.916,151.350,0.000,0.000,2.000,Bang-Bang,-13.0
63.580,-46.980,-0.820,-1763.610,-30.781,143.610,0.000,0.000,2.000,Bang-Bang,22.0
63.649,-42.940,-0.749,-1734.080,-30.265,114.080,0.000,0.000,2.000,Bang-Bang,6.0
63.727,-40.300,-0.703,-1738.120,-30.336,118.120,0.000,0.000,-2.000,Bang-Bang,6.0
63.799,-49.440,-0.863,-1781.190,-31.088,161.190,0.000,0.000,2.000,Bang-Bang,-52.0
63.870,-63.330,-1.105,-1834.270,-32.014,145.730,0.000,0.000,-2.000,Bang-Bang,-6.0
63.947,-53.140,-0.927,-1848.330,-32.259,131.670,0.000,0.000,-2.000,Bang-Bang,25.0
64.015,-41.010,-0.716,-1834.450,-32.017,145.550,0.000,0.000,2.000,Bang-Bang,42.0
64.083,-9.720,-0.170,-1789.450,-31.232,169.450,0.000,0.000,2.000,Bang-Bang,95.0
64.154,20.170,0.352,-1747.440,-30.499,127.440,0.000,0.000,2.000,Bang-Bang,49.0
64.224,37.740,0.659,-1736.890,-30.314,116.890,0.000,0.000,-2.000,Bang-Bang,38.0
64.288,45.830,0.800,-1757.100,-30.667,137.100,0.000,0.000,-2.000,Bang-Bang,10.0
64.361,25.790,0.450,-1822.670,-31.812,157.330,0.000,0.000,-2.000,Bang-Bang,-60.0
64.429,13.660,0.238,-1870.310,-32.643,109.690,0.000,0.000,-2.000,Bang-Bang,-16.0
64.507,6.810,0.119,-1886.480,-32.925,93.520,0.000,0.000,-2.000,Bang-Bang,-18.0
64.595,-3.570,-0.062,-1857.650,-32.422,122.350,0.000,0.000,2.000,Bang-Bang,-13.0
64.671,17.880,0.312,-1775.030,-30.980,155.030,0.000,0.000,2.000,Bang-Bang,61.0
64.742,26.670,0.465,-1717.380,-29.974,97.380,0.000,0.000,2.000,Bang-Bang,4.0
64.815,27.550,0.481,-1699.620,-29.664,79.620,0.000,0.000,2.000,Bang-Bang,3.0
64.886,31.420,0.548,-1718.080,-29.986,98.080,0.000,0.000,-2.000,Bang-Bang,8.0
64.966,10.850,0.189,-1789.270,-31.229,169.270,0.000,0.000,-2.000,Bang-Bang,-117.0
65.042,-24.480,-0.427,-1873.820,-32.704,106.180,0.000,0.000,-2.000,Bang-Bang,-33.0
65.117,-34.850,-0.608,-1913.200,-33.392,66.800,0.000,0.000,2.000,Bang-Bang,-19.0
65.181,-41.180,-0.719,-1916.710,-33.453,63.290,0.000,0.000,2.000,Bang-Bang,-14.0
65.250,-44.170,-0.771,-1895.090,-33.076,84.910,0.000,0.000,2.000,Bang-Bang,-6.0
65.319,-30.460,-0.532,-1836.030,-32.045,143.970,0.000,0.000,2.000,Bang-Bang,81.0
65.390,16.120,0.281,-1743.390,-30.428,123.390,0.000,0.000,2.000,Bang-Bang,63.0
65.463,29.830,0.521,-1689.960,-29.495,69.960,0.000,0.000,-2.000,Bang-Bang,21.0
65.533,40.200,0.702,-1670.620,-29.158,50.620,0.000,0.000,-2.000,Bang-Bang,24.0
65.603,48.990,0.855,-1679.060,-29.305,59.060,0.000,0.000,-2.000,Bang-Bang,15.0
65.670,50.400,0.880,-1711.930,-29.879,91.930,0.000,0.000,-2.000,Bang-Bang,-4.0
65.739,24.560,0.429,-1785.050,-31.155,165.050,0.000,0.000,-2.000,Bang-Bang,-144.0
65.812,-19.560,-0.341,-1876.460,-32.750,103.540,0.000,0.000,-2.000,Bang-Bang,-46.0
65.881,-32.570,-0.568,-1925.330,-33.603,54.670,0.000,0.000,2.000,Bang-Bang,-29.0
65.951,-46.980,-0.820,-1943.260,-33.916,36.740,0.000,0.000,2.000,Bang-Bang,-33.0
66.017,-58.940,-1.029,-1940.970,-33.876,39.030,0.000,0.000,2.000,Bang-Bang,-27.0
66.082,-66.850,-1.167,-1922.160,-33.548,57.840,0.000,0.000,2.000,Bang-Bang,-14.0
66.151,-65.260,-1.139,-1878.040,-32.778,101.960,0.000,0.000,2.000,Bang-Bang,24.0
66.222,-25.710,-0.449,-1790.680,-31.253,170.680,0.000,0.000,2.000,Bang-Bang,163.0
66.302,8.920,0.156,-1705.600,-29.768,85.600,0.000,0.000,2.000,Bang-Bang,32.0
66.375,21.750,0.380,-1661.830,-29.004,41.830,0.000,0.000,2.000,Bang-Bang,34.0
66.440,43.190,0.754,-1659.370,-28.961,39.370,0.000,0.000,-2.000,Bang-Bang,63.0
66.505,63.410,1.107,-1680.460,-29.330,60.460,0.000,0.000,-2.000,Bang-Bang,43.0
66.583,71.840,1.254,-1734.430,-30.272,114.430,0.000,0.000,-2.000,Bang-Bang,-4.0
66.657,31.590,0.551,-1845.000,-32.201,135.000,0.000,0.000,-2.000,Bang-Bang,-70.0
66.737,21.750,0.380,-1916.540,-33.450,63.460,0.000,0.000,-2.000,Bang-Bang,-7.0
66.804,17.180,0.300,-1951.170,-34.054,28.830,0.000,0.000,-2.000,Bang-Bang,-26.0
66.880,-7.960,-0.139,-1948.180,-34.002,31.820,0.000,0.000,2.000,Bang-Bang,-77.0
66.950,-35.030,-0.611,-1914.780,-33.419,65.220,0.000,0.000,2.000,Bang-Bang,-46.0
67.017,-42.940,-0.749,-1860.290,-32.468,119.710,0.000,0.000,2.000,Bang-Bang,6.0
67.093,-6.910,-0.121,-1747.440,-30.499,127.440,0.000,0.000,2.000,Bang-Bang,47.0
67.163,-4.800,-0.084,-1678.880,-29.302,58.880,0.000,0.000,2.000,Bang-Bang,-12.0
67.235,-8.660,-0.151,-1643.200,-28.679,23.200,0.000,0.000,2.000,Bang-Bang,-4.0
67.319,6.450,0.113,-1638.100,-28.590,18.100,0.000,0.000,-2.000,LQR,53.0
67.391,26.320,0.459,-1657.440,-28.928,37.440,0.000,0.000,-2.000,LQR,33.0
67.466,35.810,0.625,-1693.470,-29.557,73.470,0.000,0.000,1.312,Energy,12.0
67.543,29.130,0.508,-1764.310,-30.793,144.310,0.000,0.000,2.000,Energy,-64.0
67.618,0.130,0.002,-1865.210,-32.554,114.790,0.000,0.000,2.000,Energy,-11.0
67.687,9.790,0.171,-1905.640,-33.260,74.360,0.000,0.000,0.670,Energy,34.0
67.754,23.330,0.407,-1913.730,-33.401,66.270,0.000,0.000,0.014,Energy,28.0
67.827,33.700,0.588,-1885.950,-32.916,94.050,0.000,0.000,-1.276,Energy,24.0
67.895,54.620,0.953,-1825.130,-31.855,154.870,0.000,0.000,-2.000,Energy,93.0
67.966,86.790,1.515,-1749.900,-30.542,129.900,0.000,0.000,-2.000,Energy,23.0
68.047,82.570,1.441,-1722.120,-30.057,102.120,0.000,0.000,-2.000,Energy,-25.0
68.112,66.920,1.168,-1734.780,-30.278,114.780,0.000,0.000,-2.000,Energy,-52.0
68.180,32.120,0.561,-1780.660,-31.078,160.660,0.000,0.000,1.501,Energy,-127.0
68.254,-15.690,-0.274,-1838.670,-32.091,141.330,0.000,0.000,0.879,Energy,-70.0
68.322,-33.450,-0.584,-1858.000,-32.428,122.000,0.000,0.000,0.000,Energy,-24.0
68.388,-39.070,-0.682,-1843.240,-32.171,136.760,0.000,0.000,-0.809,Energy,-6.0
68.458,-30.460,-0.532,-1795.420,-31.336,175.420,0.000,0.000,-1.431,Energy,31.0
68.541,-30.990,-0.541,-1756.400,-30.655,136.400,0.000,0.000,-0.576,Energy,-22.0
68.626,-49.800,-0.869,-1756.230,-30.652,136.230,0.000,0.000,-0.002,Energy,-46.0
68.704,-80.910,-1.412,-1792.260,-31.281,172.260,0.000,0.000,2.000,Energy,-68.0
68.771,-96.200,-1.679,-1813.880,-31.658,166.120,0.000,0.000,2.000,Energy,-12.0
68.844,-81.960,-1.430,-1798.940,-31.397,178.940,0.000,0.000,2.000,Energy,58.0
68.910,-56.650,-0.989,-1771.870,-30.925,151.870,0.000,0.000,-0.650,Energy,61.0
68.988,-35.730,-0.624,-1759.210,-30.704,139.210,0.000,0.000,0.002,Energy,35.0
69.067,-26.240,-0.458,-1780.830,-31.081,160.830,0.000,0.000,0.883,Energy,8.0
69.147,-26.590,-0.464,-1823.550,-31.827,156.450,0.000,0.000,0.796,Energy,11.0
69.217,-14.820,-0.259,-1836.030,-32.045,143.970,0.000,0.000,0.005,Energy,37.0
69.300,9.970,0.174,-1820.030,-31.766,159.970,0.000,0.000,2.000,Bang-Bang,71.0
69.367,48.470,0.846,-1781.540,-31.094,161.540,0.000,0.000,-2.000,Bang-Bang,89.0
69.436,69.380,1.211,-1765.190,-30.808,145.190,0.000,0.000,-2.000,Bang-Bang,25.0
69.513,66.040,1.153,-1786.280,-31.176,166.280,0.000,0.000,-2.000,Bang-Bang,-38.0
69.592,38.270,0.668,-1842.530,-32.158,137.470,0.000,0.000,-2.000,Bang-Bang,-40.0
69.657,25.090,0.438,-1860.820,-32.477,119.180,0.000,0.000,-2.000,Bang-Bang,-30.0
69.725,12.430,0.217,-1853.610,-32.352,126.390,0.000,0.000,2.000,Bang-Bang,-29.0
69.798,12.430,0.217,-1811.770,-31.621,168.230,0.000,0.000,2.000,Bang-Bang,32.0
69.864,26.670,0.465,-1752.530,-30.587,132.530,0.000,0.000,2.000,Bang-Bang,17.0
69.936,27.550,0.481,-1725.290,-30.112,105.290,0.000,0.000,2.000,Bang-Bang,-2.0
70.011,27.550,0.481,-1732.140,-30.232,112.140,0.000,0.000,-2.000,Bang-Bang,1.0
70.086,11.200,0.195,-1785.760,-31.167,165.760,0.000,0.000,-2.000,Bang-Bang,-90.0
70.166,-23.600,-0.412,-1862.750,-32.511,117.250,0.000,0.000,-2.000,Bang-Bang,-36.0
70.247,-35.730,-0.624,-1892.630,-33.033,87.370,0.000,0.000,2.000,Bang-Bang,-22.0
70.314,-41.890,-0.731,-1884.020,-32.882,95.980,0.000,0.000,2.000,Bang-Bang,-7.0
70.388,-32.570,-0.568,-1834.620,-32.020,145.380,0.000,0.000,2.000,Bang-Bang,62.0
70.470,7.860,0.137,-1747.790,-30.505,127.790,0.000,0.000,2.000,Bang-Bang,53.0
70.552,22.100,0.386,-1696.460,-29.609,76.460,0.000,0.000,2.000,Bang-Bang,20.0
70.622,35.110,0.613,-1696.280,-29.606,76.280,0.000,0.000,-2.000,Bang-Bang,35.0
70.692,44.250,0.772,-1729.860,-30.192,109.860,0.000,0.000,-2.000,Bang-Bang,8.0
70.763,19.990,0.349,-1812.120,-31.627,167.880,0.000,0.000,-2.000,Bang-Bang,-107.0
70.834,0.480,0.008,-1889.640,-32.980,90.360,0.000,0.000,-2.000,Bang-Bang,-12.0
70.911,-3.920,-0.068,-1924.800,-33.594,55.200,0.000,0.000,-2.000,Bang-Bang,-16.0
70.983,-19.210,-0.335,-1919.880,-33.508,60.120,0.000,0.000,2.000,Bang-Bang,-46.0
71.052,-33.100,-0.578,-1882.080,-32.848,97.920,0.000,0.000,2.000,Bang-Bang,-19.0
71.135,-9.370,-0.164,-1784.530,-31.146,164.530,0.000,0.000,2.000,Bang-Bang,108.0
71.219,6.100,0.106,-1697.510,-29.627,77.510,0.000,0.000,2.000,Bang-Bang,4.0
71.294,5.050,0.088,-1660.950,-28.989,40.950,0.000,0.000,2.000,Bang-Bang,3.0
71.369,18.230,0.318,-1665.700,-29.072,45.700,0.000,0.000,-2.000,Bang-Bang,44.0
71.441,31.940,0.557,-1702.080,-29.707,82.080,0.000,0.000,-2.000,Bang-Bang,16.0
71.525,11.900,0.208,-1790.680,-31.253,170.680,0.000,0.000,-2.000,Bang-Bang,-136.0
71.604,-22.900,-0.400,-1893.860,-33.054,86.140,0.000,0.000,-2.000,Bang-Bang,-17.0
71.680,-26.770,-0.467,-1939.040,-33.843,40.960,0.000,0.000,-2.000,Bang-Bang,-9.0
71.768,-46.100,-0.805,-1951.870,-34.067,28.130,0.000,0.000,2.000,Bang-Bang,-42.0
71.840,-61.400,-1.072,-1939.740,-33.855,40.260,0.000,0.000,2.000,Bang-Bang,-28.0
71.915,-68.430,-1.194,-1906.690,-33.278,73.310,0.000,0.000,2.000,Bang-Bang,-5.0
72.006,-45.750,-0.798,-1823.020,-31.818,156.980,0.000,0.000,2.000,Bang-Bang,128.0
72.081,4.700,0.082,-1718.080,-29.986,98.080,0.000,0.000,2.000,Bang-Bang,42.0
72.164,17.700,0.309,-1664.290,-29.047,44.290,0.000,0.000,2.000,Bang-Bang,28.0
72.238,38.970,0.680,-1654.800,-28.882,34.800,0.000,0.000,-2.000,Bang-Bang,67.0
72.314,68.680,1.199,-1683.280,-29.379,63.280,0.000,0.000,-2.000,Bang-Bang,49.0
72.389,77.470,1.352,-1742.870,-30.419,122.870,0.000,0.000,-2.000,Bang-Bang,-5.0
72.464,39.850,0.696,-1854.310,-32.364,125.690,0.000,0.000,-2.000,Bang-Bang,-51.0
72.536,35.810,0.625,-1920.760,-33.524,59.240,0.000,0.000,-2.000,Bang-Bang,3.0
72.613,33.170,0.579,-1958.370,-34.180,21.630,0.000,0.000,-2.000,Bang-Bang,-25.0
72.681,11.020,0.192,-1955.560,-34.131,24.440,0.000,0.000,2.000,Bang-Bang,-75.0
72.755,-16.750,-0.292,-1926.380,-33.622,53.620,0.000,0.000,2.000,Bang-Bang,-50.0
72.840,-27.650,-0.483,-1862.920,-32.514,117.080,0.000,0.000,2.000,Bang-Bang,4.0
72.924,13.130,0.229,-1739.530,-30.361,119.530,0.000,0.000,2.000,Bang-Bang,41.0
73.006,14.540,0.254,-1668.330,-29.118,48.330,0.000,0.000,2.000,Bang-Bang,-8.0
73.075,15.070,0.263,-1640.390,-28.630,20.390,0.000,0.000,2.000,Bang-Bang,14.0
73.149,33.350,0.582,-1643.020,-28.676,23.020,0.000,0.000,-2.000,Bang-Bang,59.0
73.217,52.330,0.913,-1665.000,-29.060,45.000,0.000,0.000,-2.000,Bang-Bang,37.0
73.286,60.590,1.057,-1706.830,-29.790,86.830,0.000,0.000,-2.000,Bang-Bang,9.0
73.366,34.750,0.607,-1791.730,-31.272,171.730,0.000,0.000,-2.000,Bang-Bang,-154.0
73.454,-5.320,-0.093,-1897.030,-33.109,82.970,0.000,0.000,-2.000,Bang-Bang,-24.0
73.539,-17.630,-0.308,-1952.050,-34.070,27.950,0.000,0.000,-2.000,Bang-Bang,-37.0
73.622,-50.320,-0.878,-1949.410,-34.024,30.590,0.000,0.000,2.000,Bang-Bang,-88.0
73.701,-82.670,-1.443,-1910.740,-33.349,69.260,0.000,0.000,2.000,Bang-Bang,-44.0
73.785,-83.900,-1.464,-1835.680,-32.039,144.320,0.000,0.000,2.000,Bang-Bang,60.0
73.866,-45.580,-0.796,-1716.150,-29.952,96.150,0.000,0.000,2.000,Bang-Bang,16.0
73.953,-47.510,-0.829,-1651.990,-28.833,31.990,0.000,0.000,2.000,Bang-Bang,-7.0
74.047,-32.750,-0.572,-1630.190,-28.452,10.190,0.000,0.000,1.594,LQR,54.0
74.122,-4.090,-0.071,-1644.960,-28.710,24.960,0.000,0.000,-2.000,LQR,57.0
74.206,17.880,0.312,-1678.180,-29.290,58.180,0.000,0.000,0.989,Energy,27.0
74.281,22.980,0.401,-1733.550,-30.256,113.550,0.000,0.000,1.497,Energy,-5.0
74.358,-6.380,-0.111,-1842.010,-32.149,137.990,0.000,0.000,2.000,Energy,-34.0
74.437,-0.050,-0.001,-1898.080,-33.128,81.920,0.000,0.000,0.785,Energy,35.0
74.524,20.870,0.364,-1916.360,-33.447,63.640,0.000,0.000,0.014,Energy,34.0
74.606,35.810,0.625,-1880.500,-32.821,99.500,0.000,0.000,-1.106,Energy,31.0
74.673,63.230,1.104,-1812.300,-31.631,167.700,0.000,0.000,-2.000,Energy,116.0
74.743,92.060,1.607,-1742.510,-30.413,122.510,0.000,0.000,-2.000,Energy,19.0
74.822,87.840,1.533,-1720.890,-30.035,100.890,0.000,0.000,-2.000,Energy,-22.0
74.898,68.680,1.199,-1741.280,-30.391,121.280,0.000,0.000,-2.000,Energy,-59.0
74.980,12.250,0.214,-1812.830,-31.640,167.170,0.000,0.000,1.707,Energy,-143.0
75.066,-26.770,-0.467,-1865.560,-32.560,114.440,0.000,0.000,0.624,Energy,-38.0
75.152,-39.600,-0.691,-1862.220,-32.502,117.780,0.000,0.000,-0.697,Energy,-16.0
75.233,-35.210,-0.615,-1809.840,-31.588,170.160,0.000,0.000,-1.836,Energy,35.0
75.301,-28.880,-0.504,-1758.510,-30.692,138.510,0.000,0.000,-0.750,Energy,-5.0
75.380,-44.170,-0.771,-1740.410,-30.376,120.410,0.000,0.000,-0.000,Energy,-40.0
75.446,-62.630,-1.093,-1754.820,-30.627,134.820,0.000,0.000,2.000,Energy,-56.0
75.510,-89.870,-1.569,-1791.210,-31.263,171.210,0.000,0.000,2.000,Energy,-68.0
75.586,-103.060,-1.799,-1815.820,-31.692,164.180,0.000,0.000,2.000,Energy,8.0
75.660,-84.070,-1.467,-1799.820,-31.413,179.820,0.000,0.000,2.000,Energy,69.0
75.727,-53.490,-0.934,-1770.460,-30.900,150.460,0.000,0.000,-0.677,Energy,68.0
75.803,-29.050,-0.507,-1757.280,-30.670,137.280,0.000,0.000,0.002,Energy,41.0
75.884,-16.920,-0.295,-1779.960,-31.066,159.960,0.000,0.000,1.073,Energy,10.0
75.961,-15.870,-0.277,-1820.910,-31.781,159.090,0.000,0.000,0.879,Energy,10.0
76.034,-2.510,-0.044,-1838.670,-32.091,141.330,0.000,0.000,0.002,Energy,39.0
76.124,22.800,0.398,-1824.780,-31.848,155.220,0.000,0.000,-0.684,Energy,59.0
76.198,51.630,0.901,-1793.670,-31.305,173.670,0.000,0.000,-0.587,Energy,54.0
76.271,64.290,1.122,-1782.420,-31.109,162.420,0.000,0.000,-0.007,Energy,11.0
76.350,53.740,0.938,-1804.040,-31.486,175.960,0.000,0.000,0.587,Energy,-32.0
76.430,41.080,0.717,-1825.660,-31.864,154.340,0.000,0.000,0.006,Energy,-11.0
76.510,41.790,0.729,-1817.220,-31.716,162.780,0.000,0.000,-0.006,Energy,8.0
76.589,48.290,0.843,-1790.850,-31.256,170.850,0.000,0.000,-0.501,Energy,11.0
76.664,42.670,0.745,-1783.470,-31.127,163.470,0.000,0.000,-0.007,Energy,-23.0
76.733,28.430,0.496,-1794.550,-31.321,174.550,0.000,0.000,-0.007,Energy,-41.0
76.801,11.900,0.208,-1810.540,-31.600,169.460,0.000,0.000,0.007,Energy,-37.0
76.877,-0.050,-0.001,-1815.290,-31.683,164.710,0.000,0.000,-0.007,Energy,-17.0
76.948,-3.040,-0.053,-1803.510,-31.477,176.490,0.000,0.000,-0.007,Energy,-3.0
77.019,-4.270,-0.075,-1786.810,-31.186,166.810,0.000,0.000,0.007,Energy,-2.0
77.087,-10.770,-0.188,-1783.120,-31.121,163.120,0.000,0.000,-0.007,Energy,-21.0
77.155,-22.550,-0.394,-1793.140,-31.296,173.140,0.000,0.000,-0.007,Energy,-33.0
77.226,-35.910,-0.627,-1807.550,-31.548,172.450,0.000,0.000,2.000,Bang-Bang,-31.0
77.295,-38.370,-0.670,-1806.850,-31.535,173.150,0.000,0.000,2.000,Bang-Bang,13.0
77.368,-22.200,-0.387,-1783.470,-31.127,163.470,0.000,0.000,2.000,Bang-Bang,43.0
77.444,-4.800,-0.084,-1766.770,-30.836,146.770,0.000,0.000,2.000,Bang-Bang,35.0
77.520,9.090,0.159,-1770.990,-30.910,150.990,0.000,0.000,-2.000,Bang-Bang,22.0
77.603,0.830,0.014,-1818.280,-31.735,161.720,0.000,0.000,-2.000,Bang-Bang,-34.0
77.673,-8.660,-0.151,-1851.150,-32.309,128.850,0.000,0.000,-2.000,Bang-Bang,-15.0
77.744,-13.940,-0.243,-1855.540,-32.385,124.460,0.000,0.000,2.000,Bang-Bang,-12.0
77.817,-13.580,-0.237,-1829.880,-31.937,150.120,0.000,0.000,2.000,Bang-Bang,21.0
77.892,12.080,0.211,-1762.550,-30.762,142.550,0.000,0.000,2.000,Bang-Bang,40.0
77.967,21.750,0.380,-1729.330,-30.183,109.330,0.000,0.000,2.000,Bang-Bang,13.0
78.035,27.200,0.475,-1732.670,-30.241,112.670,0.000,0.000,-2.000,Bang-Bang,13.0
78.112,19.810,0.346,-1777.320,-31.020,157.320,0.000,0.000,-2.000,Bang-Bang,-60.0
78.184,-11.120,-0.194,-1850.440,-32.296,129.560,0.000,0.000,-2.000,Bang-Bang,-41.0
78.252,-21.320,-0.372,-1886.480,-32.925,93.520,0.000,0.000,-2.000,Bang-Bang,-19.0
78.322,-31.510,-0.550,-1888.940,-32.968,91.060,0.000,0.000,2.000,Bang-Bang,-28.0
78.390,-39.420,-0.688,-1858.000,-32.428,122.000,0.000,0.000,2.000,Bang-Bang,-8.0
78.463,-16.400,-0.286,-1778.900,-31.048,158.900,0.000,0.000,2.000,Bang-Bang,78.0
78.531,-3.920,-0.068,-1715.970,-29.949,95.970,0.000,0.000,2.000,Bang-Bang,8.0
78.608,-1.630,-0.028,-1691.010,-29.514,71.010,0.000,0.000,2.000,Bang-Bang,8.0
78.679,5.400,0.094,-1706.300,-29.781,86.300,0.000,0.000,-2.000,Bang-Bang,15.0
78.751,-0.050,-0.001,-1756.230,-30.652,136.230,0.000,0.000,-2.000,Bang-Bang,-50.0
78.828,-42.410,-0.740,-1852.030,-32.324,127.970,0.000,0.000,2.000,Bang-Bang,-57.0
78.905,-50.150,-0.875,-1907.050,-33.284,72.950,0.000,0.000,-2.000,Bang-Bang,4.0
78.984,-46.980,-0.820,-1923.750,-33.576,56.250,0.000,0.000,2.000,Bang-Bang,-5.0
79.062,-52.080,-0.909,-1896.670,-33.103,83.330,0.000,0.000,2.000,Bang-Bang,-7.0
79.137,-36.790,-0.642,-1829.530,-31.931,150.470,0.000,0.000,2.000,Bang-Bang,95.0
79.216,9.790,0.171,-1729.330,-30.183,109.330,0.000,0.000,2.000,Bang-Bang,43.0
79.294,21.400,0.374,-1675.540,-29.244,55.540,0.000,0.000,2.000,Bang-Bang,20.0
79.364,35.280,0.616,-1666.580,-29.087,46.580,0.000,0.000,-2.000,Bang-Bang,48.0
79.430,55.500,0.969,-1689.600,-29.489,69.600,0.000,0.000,-2.000,Bang-Bang,38.0
79.505,60.770,1.061,-1739.530,-30.361,119.530,0.000,0.000,-2.000,Bang-Bang,-14.0
79.598,17.880,0.312,-1863.980,-32.533,116.020,0.000,0.000,-2.000,Bang-Bang,-38.0
79.668,13.130,0.229,-1927.790,-33.646,52.210,0.000,0.000,-2.000,Bang-Bang,-3.0
79.738,5.050,0.088,-1950.290,-34.039,29.710,0.000,0.000,-2.000,Bang-Bang,-39.0
79.812,-19.910,-0.347,-1935.870,-33.787,44.130,0.000,0.000,2.000,Bang-Bang,-58.0
79.880,-37.840,-0.660,-1897.550,-33.118,82.450,0.000,0.000,2.000,Bang-Bang,-26.0
79.951,-29.230,-0.510,-1822.320,-31.805,157.680,0.000,0.000,2.000,Bang-Bang,94.0
80.028,4.700,0.082,-1718.080,-29.986,98.080,0.000,0.000,2.000,Bang-Bang,19.0
80.101,3.820,0.067,-1663.940,-29.041,43.940,0.000,0.000,2.000,Bang-Bang,-5.0
80.176,10.500,0.183,-1643.020,-28.676,23.020,0.000,0.000,2.000,Bang-Bang,34.0
80.245,31.420,0.548,-1655.680,-28.897,35.680,0.000,0.000,-2.000,Bang-Bang,51.0
80.314,46.710,0.815,-1686.440,-29.434,66.440,0.000,0.000,-2.000,Bang-Bang,25.0
80.388,44.070,0.769,-1747.610,-30.502,127.610,0.000,0.000,-2.000,Bang-Bang,-46.0
80.464,-4.440,-0.077,-1859.580,-32.456,120.420,0.000,0.000,-2.000,Bang-Bang,-57.0
80.548,-15.170,-0.265,-1932.360,-33.726,47.640,0.000,0.000,-2.000,Bang-Bang,-10.0
80.625,-29.760,-0.519,-1958.200,-34.177,21.800,0.000,0.000,2.000,Bang-Bang,-54.0
80.693,-56.830,-0.992,-1948.350,-34.005,31.650,0.000,0.000,2.000,Bang-Bang,-62.0
80.758,-76.870,-1.342,-1923.920,-33.579,56.080,0.000,0.000,2.000,Bang-Bang,-38.0
80.825,-83.370,-1.455,-1880.500,-32.821,99.500,0.000,0.000,2.000,Bang-Bang,5.0
80.897,-52.610,-0.918,-1793.490,-31.302,173.490,0.000,0.000,2.000,Bang-Bang,151.0
80.966,-23.250,-0.406,-1705.070,-29.759,85.070,0.000,0.000,2.000,Bang-Bang,21.0
81.040,-17.980,-0.314,-1656.910,-28.919,36.910,0.000,0.000,2.000,Bang-Bang,14.0
81.114,-1.630,-0.028,-1644.080,-28.695,24.080,0.000,0.000,-2.000,Bang-Bang,58.0
81.196,31.940,0.557,-1671.150,-29.167,51.150,0.000,0.000,-2.000,Bang-Bang,53.0
81.261,44.950,0.785,-1714.570,-29.925,94.570,0.000,0.000,-2.000,Bang-Bang,14.0
81.330,22.800,0.398,-1800.700,-31.428,179.300,0.000,0.000,-2.000,Bang-Bang,-139.0
81.403,-3.210,-0.056,-1893.160,-33.042,86.840,0.000,0.000,-2.000,Bang-Bang,-12.0
81.475,-3.390,-0.059,-1946.600,-33.975,33.400,0.000,0.000,-2.000,Bang-Bang,-2.0
81.567,-17.800,-0.311,-1965.050,-34.297,14.950,0.000,0.000,2.000,LQR,-55.0
81.639,-52.780,-0.921,-1945.540,-33.956,34.460,0.000,0.000,2.000,LQR,-63.0
81.708,-72.120,-1.259,-1912.320,-33.376,67.680,0.000,0.000,2.000,Energy,-30.0
81.783,-72.650,-1.268,-1856.250,-32.398,123.750,0.000,0.000,2.000,Energy,33.0
81.865,-29.050,-0.507,-1739.700,-30.363,119.700,0.000,0.000,-1.290,Energy,43.0
81.937,-31.690,-0.553,-1676.770,-29.265,56.770,0.000,0.000,-0.857,Energy,-27.0
82.008,-46.980,-0.820,-1648.470,-28.771,28.470,0.000,0.000,-0.022,Energy,-34.0
82.075,-56.650,-0.989,-1644.430,-28.701,24.430,0.000,0.000,0.022,Energy,-13.0
82.145,-56.650,-0.989,-1665.870,-29.075,45.870,0.000,0.000,0.860,Energy,4.0
82.212,-55.420,-0.967,-1711.930,-29.879,91.930,0.000,0.000,1.377,Energy,-3.0
82.296,-85.660,-1.495,-1816.520,-31.704,163.480,0.000,0.000,2.000,Energy,-89.0
82.372,-90.050,-1.572,-1884.720,-32.895,95.280,0.000,0.000,2.000,Energy,27.0
82.445,-70.710,-1.234,-1905.990,-33.266,74.010,0.000,0.000,2.000,Energy,48.0
82.516,-50.150,-0.875,-1892.100,-33.023,87.900,0.000,0.000,-0.505,Energy,55.0
82.595,-11.480,-0.200,-1832.870,-31.990,147.130,0.000,0.000,-1.709,Energy,120.0
82.668,41.960,0.732,-1761.320,-30.741,141.320,0.000,0.000,-0.944,Energy,75.0
82.738,58.660,1.024,-1734.250,-30.268,114.250,0.000,0.000,-2.000,Energy,18.0
82.808,60.770,1.061,-1745.680,-30.468,125.680,0.000,0.000,0.655,Energy,-5.0
82.880,45.480,0.794,-1796.480,-31.354,176.480,0.000,0.000,2.000,Energy,-62.0
82.946,32.650,0.570,-1842.710,-32.161,137.290,0.000,0.000,0.819,Energy,-7.0
83.022,38.270,0.668,-1855.540,-32.385,124.460,0.000,0.000,-0.001,Energy,20.0
83.097,52.510,0.916,-1832.160,-31.977,147.840,0.000,0.000,-0.866,Energy,45.0
83.165,75.360,1.315,-1788.920,-31.223,168.920,0.000,0.000,-2.000,Energy,44.0
83.246,77.650,1.355,-1769.940,-30.891,149.940,0.000,0.000,-2.000,Energy,-23.0
83.323,47.590,0.831,-1797.010,-31.364,177.010,0.000,0.000,0.828,Energy,-93.0
83.399,11.550,0.202,-1832.690,-31.986,147.310,0.000,0.000,0.003,Energy,-52.0
83.484,-4.620,-0.081,-1833.220,-31.996,146.780,0.000,0.000,-0.005,Energy,-20.0
83.574,-6.380,-0.111,-1796.480,-31.354,176.480,0.000,0.000,-0.609,Energy,3.0
83.654,-14.990,-0.262,-1768.180,-30.861,148.180,0.000,0.000,0.005,Energy,-33.0
83.728,-35.380,-0.617,-1773.450,-30.953,153.450,0.000,0.000,-0.006,Energy,-53.0
83.811,-63.860,-1.115,-1798.940,-31.397,178.940,0.000,0.000,2.000,Energy,-62.0
83.884,-79.850,-1.394,-1810.890,-31.606,169.110,0.000,0.000,-0.007,Energy,-10.0
83.964,-67.200,-1.173,-1787.160,-31.192,167.160,0.000,0.000,2.000,Energy,40.0
84.036,-49.440,-0.863,-1765.190,-30.808,145.190,0.000,0.000,0.003,Energy,36.0
84.112,-39.780,-0.694,-1769.060,-30.876,149.060,0.000,0.000,-0.005,Energy,11.0
84.200,-43.120,-0.753,-1805.270,-31.508,174.730,0.000,0.000,0.507,Energy,-12.0
84.277,-37.320,-0.651,-1828.820,-31.919,151.180,0.000,0.000,0.006,Energy,28.0
84.352,-20.260,-0.354,-1821.440,-31.790,158.560,0.000,0.000,-0.006,Energy,47.0
84.424,3.820,0.067,-1796.660,-31.358,176.660,0.000,0.000,-0.688,Energy,47.0
84.503,16.470,0.287,-1785.050,-31.155,165.050,0.000,0.000,0.007,Energy,15.0
84.601,14.720,0.257,-1800.170,-31.419,179.830,0.000,0.000,0.007,Energy,-12.0
84.681,9.790,0.171,-1817.050,-31.714,162.950,0.000,0.000,0.007,Energy,-5.0
84.757,13.130,0.229,-1813.000,-31.643,167.000,0.000,0.000,-0.007,Energy,11.0
84.831,19.460,0.340,-1797.890,-31.379,177.890,0.000,0.000,0.007,Energy,13.0
84.911,20.520,0.358,-1788.750,-31.220,168.750,0.000,0.000,0.007,Energy,-2.0
84.987,12.430,0.217,-1796.300,-31.351,176.300,0.000,0.000,-0.007,Energy,-24.0
85.066,1.360,0.024,-1808.780,-31.569,171.220,0.000,0.000,0.007,Energy,-21.0
85.148,-4.440,-0.077,-1810.010,-31.591,169.990,0.000,0.000,-0.007,Energy,-6.0
85.221,-4.620,-0.081,-1798.410,-31.388,178.410,0.000,0.000,0.007,Energy,2.0
85.298,-6.380,-0.111,-1789.620,-31.235,169.620,0.000,0.000,0.007,Energy,-6.0
85.377,-14.290,-0.249,-1792.960,-31.293,172.960,0.000,0.000,-0.007,Energy,-20.0
85.443,-23.080,-0.403,-1801.750,-31.446,178.250,0.000,0.000,0.007,Energy,-21.0
85.516,-29.580,-0.516,-1806.670,-31.532,173.330,0.000,0.000,0.007,Energy,-10.0
